project_id,title,completion_year,supervisors
BPH000001,MOSQUITO LARVICIDAL ACTIVITY OF TRICHLIA ROKA CHIOV (MELIACEAE)AND HYPTIS SUAVEOLENS POIT (LABIATAE),1995,NGASSAPA
BPH000002,LARVICIDAL ACTIVITY OF ZINGIBER OFFICINALE (ROSCOE) AND CURCUMA LONGA L.(ZINGIBERACEAE) AGAINST ANOPHELINE AND CULICINE MOSQUITO LARVAE,1996,NGASSAPA
BPH000003,ANTIMICROBIAL ACTIVITY OF FOUR TANZANIAN MEDICINAL PLANTS,1997,NGASSAPA
BPH000004,ANTIMICROBINAL ACTIVITY OF THE VOLALE OILS OF PLECTRANTHUS KILIMANDSCHARICA (LABIATAE) AND POLYGALA SPHENOPTERA (POLYGALACEAE),1998,DR.NGASSAPA
BPH000005,ANTIMICROBIAL ACTIVITY OF THE VOLATILE OILS OF PLECTRANTHUS KILIMANDSCHARIKA (LABIATAE) AND POLYGALA SPHENOPTERA (POLYGALACEAE),1998,NGASSAPA
BPH000006,THE EFFECT OF HIBISCUS SABDARIFFA AND LANNEA STUHLMANNII ON BLOOD GLUCOSE IN RABBITS,1999,MOSHI; NGASSAPA
BPH000007,CHEMICAL STUDIES ON ANNEA STUHLMANII (ENG.) (ANACARDIACEA),1999,MUNG’ONG’O; KAPINGU
BPH000008,MOSQUITO REPELLENT AND LARVICIDAL EFFECTS OF PLECTRANTHUS KILIMANDSCHARIKA AND OCIMUM TENUIFLORUM (LABIATAE) GROWING IN TANZANIA,2000,NGASSAPA
BPH000009,AN EVALUATION OF LOCALLY AVAILABLE DYES FOR APPLICATION AS ANALYTICAL REAGENTS FOR PHARMACEUTICALS.,2000,CHAMBUSO
BPH000010,THE ANTI-INFLAMMATORY ACTIVITY OF CRUDE EXTRACT OF FICUS SANSIBARICA ON DEXTRAN-70 INDUCED FOOTPAD EDEMA IN RATS.,2001,HAULE
BPH000011,LOCAL DYES AS POTENTIAL REAGENTS FOR ANALYSIS OF DRUGS,2001,CHAMBUSO
BPH000012,THE QUALITY OF DICLOFENAC SODIUM TABLETS AVAILABLE IN DSM.,2002,HAULE; MINZI
BPH000013,ANTITRYPANOSOMAL ACTIVITY OF ARTEMETHER AND PEFLOXACIN,2002,MUNG’ONG’O
BPH000014,"CONTRACEPTIVE USE, KNOWLEDGE, PREVALENCE AND ATTITUDE AMONG SECONDARY SCHOOL STUDENTS IN ILALA DISTRICT DSM.",2003,MUNG’ONG’O
BPH000015,ERRORS OF OMISSION AND COMMISSION IN PRESCRIPTION WRITING IN THE MEDICAL WARD AT MNH. .,2003,MUGOYELA
BPH000016,THE ANTI-PYRETIO ROTIVITY OF FICUS SANSIBARICA,2003,HAULE
BPH000017,ANALYSIS OF PARACETAMOL TABLET PRODUCTS CIRCULATING IN THE TANZANIAN MARKET.,2003,MUNG’ONG’O
BPH000018,INVESTIGATION OF THE HYPOGLYCEMIC ACTIVITY OF ADHATODA ENGLERIANA (LINDAU) C.B. CLARKE.,2004,HAULE
BPH000019,DISPENSING PRACTICES AND QUALITY OF AMOXYCILLIN PREPARATIONS IN COMMUNITY PHARMACIES ON TANZANIAN MARKET.,2004,MUGOYELA
BPH000020,QUALITY OF METRONIDAZOLE TABLES MARKETED IN DSM,2004,MUNG’ONG’O
BPH000021,ANALYSIS OF QUININE PREPARATIONS CIRCULATING IN TANZANIA 2003/2004,2004,MUNG’ONG’O
BPH000022,IN VITRO MICRO-TEST FOR THE ASSESSMENT OF THE RESPONSE OF PLASMODIUM FALCIPARUM TO ETHANOLIC EXTRACT OF THE PLANT COLEUS KILIMANDISCHARICA,2004,HAULE
BPH000023,IMPROVING THE FORMULATION OF TANZED-PLUS A TRADITIONAL REMEDY FOR THE TREEATMENT OF HIV/AIDS,2004,
BPH000024,DEVELOPMENT OF AN ASSAY METHOD FOR QUININE IN BIOLOGICAL SAMPLE,2004,CHAMBUSO; KAALE
BPH000025,ASSESSMENT OF THE AVAILABILITY. ACCESSIBILITY AND AFFORDABILITY OF THE ANTIRETROVIRAL DRUGS IN DSM. COMMUNITY PHARMACIES.,2004,MUGOYELA
BPH000026,USE AND ANTIMICROBIAL ACTIVITY OF NGETWA 3 AND NGOKA 11,2004,NGASSAPA
BPH000027,INVESTIGATION OF THE ANTIMICROBIAL PROPERTIES OF MOMORDICA CHARANTIA.,2004,MWAMBETE
BPH000028,SURVEY ON ANTIBACTERIAL DRUGS PRESCRIBING IN PRIVATE HOSPITALS IN DSM.,2004,MUGOYELA
BPH000029,SURVEILLANCE OF THE QUALITY OF GENERIC ANTIRETROVIRAL DRUGS CIRCULATING IN THE TANZANIA MARKET.,2004,CHAMBUSO
BPH000030,"ANTIMICROBIAL ACTIVITY OF THE PLANT ALBIZIA PETERSIANA, FAMILY MIMOSACEAE.",2005,MWAMBETE; HAULE
BPH000031,COMPLIANCE WITH PRESCRIPTION WRITING REQUIREMENTS AND PRESCRIBING ERRORS IN OUTPATIENT DEPARTMENT IN ILALA MUNICIPAL HOSPITAL.,2005,MUGOYELA
BPH000032,"Survey on source, management and magnitude of perceived allergies at household in Ilala District",2005,Prof. TEMU
BPH000033,Assessment of prescribing habits in health insurance schemes Case study of National health insurance fund (NHIF),2005,Dr.Damian
BPH000034,"Assessment of knowledge attitude and practice of women with under fives towards malaria transmission, treatment and prevention in Ilala ï¾– DSM",2005,Dr. HAULE
BPH000035,"Evaluation of Anticonvulsant activities of Chrysanthemmoides monilifera stem bark, myrika kilimands charira root 4 extracts",2005,
BPH000036,Dispensing practice of antihelminthics in pharmacies and drug stores of Dar es Salaam.,2005,Dr. MWAMBETE
BPH000037,Prescribing patterns and cost of antihypertensives in private hospitals in Dar es Salaam region,2005,Dr. Rimoy
BPH000038,Brine shrimps lethacity and antimicrobial activity of the methanilic extract ï¾– fractions of trichilia emetica stem bark,2005,Kamuhabwa
BPH000039,In-vitro evaluation of Tanzanian Medicinal plants for Antibacterial activity.,2005,Dr. NGASSAPA
BPH000040,Assessment of the knowledge and practice of contraceptive providers,2005,Dr. KAGASHE
BPH000041,Publicï¾’s perception of pharmacies as health care team members in Dar es Salaam,2005,Dr.Damian
BPH000042,The quality of Diclofenac sodium sustained release marketing in Tanzania. An in vitro quality evaluation.,2005,Dr. Risha
BPH000043,INVESTIGATION OF THE ANTIMALARIAL ACTIVITY OF CRAITERISPERMUM SCHWEINFURTH.,2005,HAULE
BPH000044,The specificity of HIV proteins (Western Blot),2005,Mr. Kabati
BPH000045,"Knowledge and use of the female condom as a means for sexual protection against HIV among Barmaids, Temeke Municipality in Dar es Salaam",2005,Prof. TEMU
BPH000046,"Survey on the cases, magnitude and management of burns in under fives in District Hospitals in DSM.",2005,Prof. TEMU
BPH000047,Bioassay guided fractionation and biological activity acrue enduchii chloroform extract,2005,Kamuhabwa
BPH000048,Screening of selected Tanzanian medicinal plants for antifungal activity.,2005,Dr. NGASSAPA
BPH000049,Assessment of driversï¾’ awareness /knowledge on drugs which affect/impair driving performance,2005,Dr. KAGASHE
BPH000050,Brine shrimp lethality of traditionally used Tanzanian plants,2005,Dr. MOSHI
BPH000051,"Antibiotic sensitivity of bacterial pathogens in urinary tract infections at Muhimbili National Hospital, MNH Dar es Salaam",2005,Dr. RIMOY
BPH000052,Problems and collaboration between pharmacists and Traditional healers in Dar es Salaam.,2005,Dr. MWAMBETE
BPH000053,"QUALITY ASSESSMENT OF CHLORINE BASED DISINFECTANTS AND ANTISEPTICS CIRCULATING IN DSM, TANZANIA.",2005,MUNG’ONG’O
BPH000054,The effect of extracts of diospyros fischeri on picrotoxin induced convulsions.,2005,
BPH000055,Awareness of Secondary School students on various gender perspective programmes conducted by UDSM,2005,Dr. MALELE
BPH000056,A study of prescribing patterns in Dar es Salaam Public District Hospitals,2005,Dr. RISHA
BPH000057,Knowledge and attitude among Secondary Schools student concerning prevention and management of obesity.,2005,Dr.Damian
BPH000058,NON-COMPLIANCE WITH PRESCRIPTION WRITING REQUIREMENTS AND PRESCRIBING ERRORS IN AN OUTPATIENT DEPT. OF A PRIVATE HOSPITAL.,2005,MUGOYELA
BPH000059,Prevalence and General knowledge on helminthic infections among mother of under-fives at Amana and Mwananyamala Hospitals.,2005,Dr. MWAMBETE
BPH000060,Assessment of knowledge and dispensing practice of dispensers on nutritional supplements in Dar es Salaam Pharmacies,2005,Dr. KAGASHE
BPH000061,The study of microbial contamination of traditional alcoholic beverage in Dar es Salaam.,2005,Dr. MWAMBETE
BPH000062,Evacuation of cytotoxicity of plants used in Tanzanian Traditional Medicine.,2005,Dr. MOSHI
BPH000063,Composition and effects of skin lightening concoctions prepared in Households on skins of black women in Dar es Salaam.,2005,Mr.Kalala
BPH000064,Assessment of patient satisfaction with pharmaceutical services in Hospital Pharmacies in Dar es Salaam,2005,Dr.Damian
BPH000065,The Role of Pharmacists in bringing effective cancer chemotherapy.,2005,Dr.Damian
BPH000066,Comparative dissolution properties of albendazole commercial samples circulating in Tanzania market.,2005,Dr.Damian
BPH000067,Drugs prescription during pregnancy in five Dar es Salaam,2005,Dr.Damian
BPH000068,Assessment of microbial contamination in extemporaneous preparations in Hospitals Pharmacies,2005,Dr. Mwambete
BPH000069,The Microbial sensitivity of isolated of candida albicans and salmonella typhii,2005,Dr. MWAMBETE
BPH000070,Evaluation of the constituents of Vepris goluUsed in the treatment of HIV/AIDS related opportunistic infections.,2005,Malele; Mbwambo
BPH000071,Microbiological determination of efficacy of watergurd in treating drinking water in Dar es Salaam city,2005,Dr. MWAMBETE
BPH000072,"Assessment of knowledge, attitude and uses of ITNS at Household level in Ilala ï¾– DSM",2005,Prof. TEMU
BPH000073,Historical background of modern Pharmaceutical services in mainland Tanzania.,2005,Mr. MSHIU
BPH000074,Assessment of knowledge on sexual transmitted infections (STTs) among secondary school students.,2005,Dr. MWAMBETE
BPH000075,"ASSESSMENT OF KNOWLEDGE ON FACTORS CONTRIBUTING TO UNWANTED PREGNANCIES AMONG ADOLESCENTS, IN SECONDARY SCHOOL GIRLS, KINONDONI DISTRICT ï¾– DSM.",2006,HAULE
BPH000076,INVESTIGATION OF SOME BIOLOGICAL ACTIVITIES OF THE EXTRACTS OF DIOSPYROS FISCHERI ROOTS,2006,MOSHI; MBWAMBO
BPH000077,THE IMPACT OF ARTESUNATE ON THE DISPOSITION KINETICS OF SULPHADOXINE ï¾– PYRIMETHAMINE IN HEALTHY VOLUNTEERS.,2006,MINZI
BPH000078,"EVALUATION FO THE ACCEPTABILITY, RATIONAL USE AND EFFECTIVENESS OF MORPHINE FOR PALLIATIVE CARE AT OCEAN ROAD CANCER INSTITUTE",2006,KAMUHABWA
BPH000079,EVALUATION OF AWARENESS OF OCCUPATIONAL HEALTH RISKS AMONG THE HAIR DRESSERS IN DAR ES SALAAM.,2006,KAMUHABWA
BPH000080,SCREENING OF DIOSPYROS WHYTEANA ROOT EXTRACTS FOR PHARMACOLOGICAL ACTIVITIES.,2006,MOSHI; MBWAMBO
BPH000081,"KNOWLEDGE AND PRACTICE ON PREVENTION OF MOTHER TO CHILD TRANSMISSION OF HIV AMONG NURSES AT AMANA HOSPITAL, ILALA MUNICIPAL.",2006,MWAMBETE
BPH000082,TRADITIONAL METHODS USED BY MOTHERS OF UNDER FIVES IN MANAGEMENT OF DIARRHOEA IN TEMEKE MUNICIPALITY. DSM.,2006,MWAMBETE
BPH000083,ASSESSMENT OF PRESCRIBING PATTERNS IN HEALTH INSURANCE SCHEMES. A CASE STUDY OF PRIVATE HEALTH INSURANCE IN DAR ES SALAAM (MEDEX AND AAR),2006,RISHA
BPH000084,DETERMINATION OF ANTHRAQUINONES IN TANZANIAN CASIA ALATA,2006,NGASSAPA
BPH000085,ASSESSMENT OF SIDE EFFECTS ASSCIATED WITH THE USE OF CONTRACEPTIVES AMONG WOMEN OF ILALA MUNICIPALITY.,2006,KALALA
BPH000086,ANTIMICROBIAL AND BRINESHRIMP LETHALITY OF THE EXTRACTS OF TERMINALIA KAISERANA ROOT.,2006,MOSHI; MBWAMBO
BPH000087,DEVELOPMENT AND VALIDATION OF A TLC DENSITOMETRIC METHOD FOR ANALYSIS OF QUININE IN COMMERCIAL FORMULATIONS,2006,KAALE; NGASSAPA
BPH000088,"AVAILABILITY AFFORDABILITY, ACCEPT ABILITY OF CONDOMS AND PREPAREDNESS TO USE THEM IN KINONDONI DISTRICT, DAR ES SALAAM.",2006,KALALA
BPH000089,"ASSESSMENT OF KNOWLEDGE, ATTITUDE AND ACCEPTABILITY OF SPERMICIDAL CONTRACEPTION AMONG STUDENTS OF UNIVERSITY OF DAR ES SALAAM.",2006,MWAMBETE
BPH000090,USE OF COMPLEMENTARY THERAPIES BY HIV/AIDS PATIENTS AT MUHIMBILI NATIONAL HOSPITAL.,2006,NGASSAPA
BPH000091,FORMULATION OF TROPICAL OINTMENT FROM TERMINALIA SERICEA FOR TREATMENT OF SKIN INFECTIONS,2006,MOSHI
BPH000092,ABTUNUCRIBIAL AND BRINE SHRIMPS LETHALITY TEST EXTRACTS OF ADHATODA ENGLERIANA,2006,MOSHI
BPH000093,CONTRACEPTIVE METHODS USED AMONG FEMALES OF REPRODUCTIVE AGE GROUP IN ILALA RURAL AREAS.,2006,RIMOY
BPH000094,BIOASSAY GUIDED-FRACTIONATION OF AQUEOUS METHANOLIC ROOT EXTRACT OF PLEC,2006,NGASSAPA
BPH000095,PRESCRIBING PATTERN OF DRUGS FOR PAEDIATRIC WARDS IN MUNICIPAL HOSPITALS OF DAR ES SALAAM.,2006,TEMU
BPH000096,ABO BLOOD GROUP SYSTEM AND PREVALANCE TO HIV INFECTION,2006,KAALE
BPH000097,ROLE PLAYED BY PHARMACIST IN THE USE OF VERERINARY PHARMACEUTICAL PRODUCTS IN DSM.,2006,TEMU
BPH000098,ASSESSMENT OF DRUG USE IN NURSING MOTHERS-A POPULATION BASED SURVEY AMONG DSM WOMEN.,2006,KAMUHABWA
BPH000099,BRINE SHRIMP LETHALITY ASSAY OF THE CHROMATOGRAPHIC FRACTIONS OF ZANHA AFRICANA ROOT BARK AQUEOUS METHANOLIC EXTRACT,2006,KAMUHABWA
BPH000100,Prevalence of Adverse Drug Reactions in clinical practice,2006,
BPH000101,ANTIBIOTICS MISUSE AMONG BOARDING SECONDARY SCHOOL STUDENTS IN DSM.,2006,MWAMBETE
BPH000102,Evaluation of the effect of antiretroviral drugs on immunological and clinical aspects among their users at Muhimbili National Hospital,2006,
BPH000103,THE PREVALENCE AND EXTEND OF ANTICANCER CHEMOTHERAPY SIDE EFFECTS AT OCEAN ROAD HOSPITAL,2006,MWAMBETE
BPH000104,SCRREENING FOR ANTIMICROBIAL AND CYTOTOXICITY OF STEM BARK EXTRACTS OF TERMINALIA BROWNII FRIES.,2006,MOSHI
BPH000105,Antimicrobial investigation of Terminaria brownii roots,2006,
BPH000106,"KNOWLEDGE, ATTITUDE AND PRACTICE ON ANTIMALARIALS AND INSECTICIDE TREATED NETS AMONG ADULTS IN KISARAWE DISTRICT.",2006,MUNG’ONG’O
BPH000107,HPLC ANALYSIS OF RESIDUAL OXYTETRACYCLINE IN FRESH MILK USING PLRP BASED COLUMN.,2006,KAALE
BPH000108,ANTIBACTERIAL AND ANTIFUNGAL SCRRNING OF TERMINALIA BROWNII STEM WOOD EXTRACTS.,2006,MOSHI; TEMU
BPH000109,POVERTY AND PATIENT ABANDONMENT AT MNH,2006,MWAMBETE
BPH000110,Quality Assessment of Hydrogen peroxide solutions based antiseptics circulating in Dar es Salaam city,2006,
BPH000111,OPD-PRESCRIPTION INTERVENTION ACTIVITIES BY PHARMACISTS AT AGAKHAN HOSPITAL-DSM.,2006,MUGOYELA
BPH000112,DETERMINATION OF PREVALENCE OF BACTERIURIA IN DIABETICS AT MUHIMBILI NATIONAL HOSPITAL,2006,MWAMBETE
BPH000113,EVALUATION OF BRINE SHRIMP LETHALITY OF CHROMATOGRAPHIC FRACTIONS OF AGATHISA THEMUM BOJERI ROOT,2006,KAMUHABWA
BPH000114,ASSESSMENT FOF AWARENESS ON RATIONAL USE OF VETERINARY MEDICINE,2006,KAALE
BPH000115,Prevalence/Extent of adverse effects of cancer chemotherapy,2006,
BPH000116,THE SCREENING FOR CYTOTOXICITY AND ANTIMICROBIAL ACTIVITIES OF DIOSPYROS USAMBARENSIS CRUDE ROOT EXTRACT,2006,MOSHI
BPH000117,"ATTITUDE AND CONCEPTIONS OF PHARMACISTS, AND MEDICAL, PHARMACY, DENTAL AND NURSING STUDENTS TO USE OF COMPLEMENTARY AND ALTERNATIVE MEDICINE IN HIV/AIDS",2006,NGASSAPA
BPH000118,ANTIMICROBIAL AND BRINE SHRIMP ACTIVITY OF DALBERGIA VACCINIFOLIA,2006,MOSHI; MBWAMBO
BPH000119,ASSESSMENT OF AWARENESS AND PRACTICE OF DRUG ABUSE AMONG SECONDARY SCHOOL STUDENTS AND STREET YOUTHS IN ILALA MUNICIPALITY,2006,KAMUHABWA
BPH000120,EVALUATION OF ELEDERLY DRUG USE IN SOME OF THE DSM HOSPITALS.,2006,KAMUHABWA
BPH000121,THE CURRENT STATUS OF DISPOSAL OF UNFIT PHARMACEUTICAL PRODUCTS IN TANZANIA.,2006,KAALE
BPH000122,Assessment of Rational drug use among livestock keeper and veterinary surgeon in three districts of Dar es Salaam,2006,
BPH000123,ASSESSMENT OF PROBLEMS ON USE OF COSMETICS AMONG WOMEN OF CHILD BEARING AGE,2006,MUGOYELA
BPH000124,"ANTIMICROBIAL ACTIVITY OF NON ANTIBIOTICS, NON STEROIDAL, ANTI INFLAMATORY AGENTS AND ANTHELMINTHICS.",2007,MWAMBETE
BPH000125,"KNOWLEDGE, ATTITUDE AND PRACTICE (KAP) OF VOLUNTARY COUNSELLING AND HIV TESTING AMONG SECONDARY SCHOOL STUDENTS IN TANGA MUNICIPALITY.",2007,MUNG’ONG’O
BPH000126,ASSESSMENT OF CURRENT PHARMACEUTICAL PERSONNELSï¾’ WORK TIME UTILIZATION IN COMMUNITY PHARMACIES IN DSM.,2007,MUGOYELA
BPH000127,USE OF THE STANDARD TREATMENT GUIDELINES TO ASSESS THE PRESCRIBING PRACTICE IN PRIMARY HEALTH CARE FACILITIES ACCREDITED BY NHIF.,2007,RISHA
BPH000128,TO ASSESS KNOWLEDGE ON MANAGEMENT OF PATIENTS WITH DIARRHOEA DISEASE IN PART II SHOPS IN ILALA DISTRICT.,2007,KALALA
BPH000129,INVESTIGATION OF INVENTORY MANAGEMENT OF ANTITETROVIRAL COMODITIES AT CARE AND TREATMENT CLINICS IN DSM.,2007,MUGOYELA
BPH000130,ASSESSMENT OF AVAILABILITY AND KNOWLEDGE OF PART II SHOP DISPENSERS ON ARTEMETHER/LUMEFANTRINE (ALU),2007,MINZI
BPH000131,ASSESSMENT OF APPLICATION OF INFORMATION AND COMMUNICATION TECHNOLOGY IN PHARMACEUTICAL SECTORS IN DSM. CITY.,2007,CHAMBUSO
BPH000132,ANTIBACTERIAL ACTIVITIES OF ALLIUM CEPA VARIETIES AVAILABLE IN DSM MARKETS,2007,MWAMBETE
BPH000133,TO INVESTIGATE THE MANAGEMENT OF SHARPS IN HEALTH FACILITIES IN DSM REGION.,2007,MALELE
BPH000134,"A SURVEY STUDY IN DSM ON THE EFFECTIVENESS OF ANTI-AIDS COMPAIGNS IN SECONDARY SCHOOLS: UNDERSTANDING, COMPLIANCE OF SAFE SEX AND ABSTINENCE.",2007,KALALA
BPH000135,THE ATTITUDE OF NON- MEDICAL STAFFS AT MUCHS AND MNH TOWARDS PEOPLE LIVING WITH HIV/AIDS.,2007,KALALA
BPH000136,ASSESSMENT OF USE OF SYNTHETIC APHRODISIAC MEDICINES AMONG ADULT MEN IN DSM.,2007,MUGOYELA
BPH000137,MICROBIAL CONTAMINATION AND PRESERVATIVE CAPACITY OF SOME BRANDS OF COSMETIC CREAMS IN DSM MARKET,2007,MWAMBETE
BPH000138,EVALUATION OF COLLABORATIVE WORKING RELATIONSHIP BETWEEN PHARMACISTS AND PHYSICIANS (DOCTORS),2007,KALALA
BPH000139,ANTIMICROBIAL ACTIVITY OF COMMONLY AVAILABLE TOOTHPASTES IN DSM MARKET ON ORAL MICROBACTERIA,2007,MWAMBETE
BPH000140,AN ASSESSMENT OF THE TRENDS OF PHARMACEUTICAL HUMAN RESOURCE DEVELOPMENT AND DEPLOYMENT IN TANZANIA.,2007,CHAMBUSO
BPH000141,VALIDATION OF PATIENT SELF-REPORT AS A MEASURE OF ADHERENCE TO ANTIRETROVIRAL THERAPY USING UN-ANNOUNCED HOME-BASED PILL-COUNT,2007,MINZI
BPH000142,DEVELOPMENT AND VALIDATION OF AN HPTLC DENSITOMETRIC METHOD FOR ASSAY OF FIXED DOSE COMBINATION OF SOLID DOSAGE FORM OF CO-TRIMOXAZOLE,2007,KAALE
BPH000143,In Vivo Evaluation of Caesalpinia Bonduc root methanolic extract for Antimalarial Activity,2007,
BPH000144,Development of formulations from Aloe Barbadensis,2007,
BPH000145,Treatment received by children of under ten before being presented at Temeke and Mwananyamala in Dare s Salaam,2007,
BPH000146,Microbial Quality and Chromatographic finger printing of a Juice product from Hibiscus sabdariffa calyces,2007,
BPH000147,Evaluation of microbial contamination and preservative capacity of some brands of cosmetic organs in Dar es Salaam.,2007,
BPH000148,A comparison study on the prescribing pattern between private and public pediatric clinic to the patients suffering form URTIs,2007,
BPH000149,DEVELOPMENT AND VALIDATION OF AN HIGH PERFORMANCE THIN LAYER CHROMATOGRAPHY-DENSITOMETRIC METHOD FOR ASSAY OF RIFAMPIN/ISONIAZID IN FIXED DOSAGE COMBINATION.,2007,KAALE; RISHA
BPH000150,Antimicrobial activity of Albinia amara LEAF,2007,
BPH000151,Monitoring and evaluation (Intervertion) on prescribing pattern at out patient department (OPD) of Muhimbili National Hospital (MNH),2007,
BPH000152,SCREENING FOR THE PRESENCE OF AFLATOXINS IN LOCALLY PROSSED FOODS.,2007,CHAMBUSO
BPH000153,Survey on store condition and inventory management of antiretroviral commodities authorized ARVs clinics in Dar es Salaam,2007,
BPH000154,Assessment of inventory management health facilities in Dar es Salaam Region.,2007,
BPH000155,ASSESSMENT OF KNOWLEDGE OF CITY COMMUTER BUSES DRIVERS AND CONDUCTORS ON PREVENTIVE MEASURES AGAINST HIV/AIDS IN ILALA DISTRICT.,2007,MUGOYELA
BPH000156,Evaluation of antibiotics activities of Abrus precations plant leave,2007,
BPH000157,Assessment of the prescribing pattern and the use of analgesics at MOI,2007,
BPH000158,Contamination of commercially available Quinine Syrups and water for injection.,2007,
BPH000159,CLINICAL MANIFESTATION OF EYE PROBLEMS IN HIV PATIENTS.,2007,KALALA
BPH000160,THE NATURE AND EXTENT OF THE INHALANT ABUSE AMONG YOUTHS IN DSM.,2007,KALALA
BPH000161,Development and validation of HPTLC Densitometric method for Quantitative analysis of nevirapine,2007,
BPH000162,Development and validation of a HPTLC densitometry method for dixovudine and lamivudine tablets in a fixed dose combination,2007,
BPH000163,The knowledge of safety and herb dray3interactions in HIV/AIDS patients attending MNH/AIDS clinic.,2007,
BPH000164,Prevelence of mother to child transmission among HIV positive,2007,
BPH000165,ANTIMICROBIAL ACTIVITY AND CHEMICAL ANALYSIS OF CHLORINATED LIME SOLUTION (EUSOL) AND SODIUM HYPOCHLORITE SOLUTION (WATERGUARDSï¾®.,2007,MWAMBETE; MUNG’ONG’O
BPH000166,Attitude of non medical staffs at MUCHS and MNH towards people living with HIV/AIDS,2007,
BPH000167,Assessment of Pharmacists role in dental care services in Hospital and community pharmacies in Dar es Salaam,2007,
BPH000168,Development and validation of HPTLC Densitometry for quantitative assay of Ciproflaxacin in a solid dosage form,2007,
BPH000169,METHOD DEVELOPMENT OF THIN LAYER CHROMATOGRAPHY DENSITOMETRIC ASSAY OF ARTEMETHER/LUMEFANTRINE 2006/2007,2007,KAALE; RISHA
BPH000170,Parenteral Drug Abuse and syringe disposal in Temeke Municipality,2007,
BPH000171,Factor affecting adherence to anti rectraviral therapy among HIV positive adult attending the ARV clinic at Muhimbili National Hospital,2007,
BPH000172,Evaluation of the differences between plectranthus growing in Handeni.,2007,
BPH000173,Method development and validation of a HPTLC densitometic analysis of co-trimoxazole,2007,
BPH000174,Availability of ARVs and patients adherence among private Hospitals in Dar es Salaam,2007,
BPH000175,Phytochemical study of antimalarial preparations used by traditional healers in Dar es Salaam and in vivo activity of Moning lifera in mice infected with plasmodium berghei,2007,
BPH000176,Challenges facing dispensing of ART to Pediatric in Dar es Salaam,2007,
BPH000177,Development and method validation of metrondazole,2007,
BPH000178,Development and validation of an HPLC densitometric method for analysis of Amodiaquine,2007,
BPH000179,Development and validation of an improved HPTLC densitometric method for qualitative analysis of Quinine,2007,
BPH000180,To determine factors incidence and prevalence of HIV/AIDS patients to switch to second line ART,2007,
BPH000181,"FORMULATION OF TABLETS FROM CRUDE EXTRACT OF FICUS SANSIBARICA, WHICH IS USED BY TRADITION HEALER IN TREATMENT OF UTERINE FIBROIDS, YEAR 2003/2004",2007,KABATI
BPH000182,In vivo Antimalarial activity of Cassia abbreviata leaf methanolic extract,2007,
BPH000183,Assessment of the prescribing pattern and the use of analgesics by patients at MOI,2007,
BPH000184,Perception of Pharmacy profession by health workers pharmacists and public,2007,
BPH000185,Assessment of content uniformity of Quinine sulphate tablets circulating in market in Dar es Salaam by using HPLC method,2007,
BPH000186,IN VITRO ANTIMICROBIAL ACTIVITY OF EXTRACT FROM DISSOTIS BRAZZAE.,2008,MOSHI; MBWAMBO
BPH000187,TO ASSESS OF SAFETY ASPECT OF DRUG USE IN ANIMALS IN DSM AND KIBAHA TANZANIA,2008,TEMU
BPH000188,KNOWLEDGE AND PRACTICE OF CONDON USE AS A HIV/AIDS PREVENTIVE MEASURE AMONG MUHAS STUDENTS.,2008,MALELE
BPH000189,INVESTIGATION OF PRODUCTION CAPACITY OF LOCAL PHARMACEUTICAL INDUSTRIES IN TANZANIA.,2008,MUGOYELA; RISHA
BPH000190,DEVELOPMENT OF HERBAL TROPICAL CREAMS FOR VARIOUS SKIN CONDITIONS,2008,MALELE; MOSHI
BPH000191,ASSESSMENT OF COMPOUNDING PRACTICE IN PHARMACEUTICAL SERVICE DELIVERY OUTLETS IN DSM.,2008,CHAMBUSO
BPH000192,ASSESSMENT OF QUALITY OF PHARMACY OUTLETS IN PRIVATE HOSPITAL IN DSM.,2008,CHAMBUSO
BPH000193,"SCREENING FOR IN VITRO ANTIMICROBIAL ACTIVITY OF MEDICINAL PLANT EXTRACTS COMMONLY, USED IN LAKE ZONE REGIONS.",2008,MWAMBETE
BPH000194,"ANTIMICROBIAL ACTIVITY OF ACANTHUS PUBESCENS, LANNEA SCHIMPERII AND CAESALPINIA BUNDUC ROOT EXTRACTS.",2008,MOSHI
BPH000195,SCREENING FOR IN VITRO ANTIMICROBIAL ACTIVITY OF MEDICINAL PLANTS EXTRACTS FROM LAKE ZONE REGIONS,2008,MWAMBETE
BPH000196,QUALIFICATION OF DISSOLUTION TESTER AND FOURIER TRANSFORM INFRARED SPECTROPHOTOMETER.,2008,KAALE; RISHA
BPH000197,ASSESSMENT AND IDENTIFICATION OF FAKE AND COUNTERFEIT DRUGS BY COMMUNITY AND HOSPITAL PHARMACISTS IN DSM.,2008,MUGOYELA
BPH000198,ASSESSMENT OF IN PATIENT PHARMACEUTICAL CARE AT MNH.,2008,TEMU
BPH000199,"ASSESSMENT OF PHARMACEUTICAL AND MEDICAL MAL-PRACTICE IN MALARIA TREATMENT IN HEALTH CARE FACILITIES INCLUDING DISPENSARIES, PHARMACIES AND HOSPITALS IN DSM.",2008,MUNG’ONG’O; HAULE
BPH000200,DEVELOPMENT OF STANDARDIZATION MARKERS FOR A HERBAL TOPICAL CREAM,2008,MOSHI
BPH000201,PREVALENCE AND MANAGEMENT OF HELMINTHIASES AMONG HIV/AIDS UNDERFIVES AT AMANA HOSPITAL 2004-2006,2008,MWAMBETE
BPH000202,IN VITRO DETERMINATION OF ANTIMICROBIAL ACTIVITY OF PLANT EXTRACT USING DISC DIFUSSION METHOD.,2008,MWAMBETE
BPH000203,ASSESSMENT OF AVAILABILITY AND QUALITY OF ARV MEDICINES FROM PRE-QUALIFIED MANUFACTURERS AT CARE AND TREATMENT CENTRES IN DSM.,2008,MUGOYELA
BPH000204,ASSESSMENT OF PUBLIC OPINIONS REGARDING THE USE OF OVER THE COUNTER MEDICINES IN DSM.,2008,TEMU
BPH000205,THE PREVALENCE AND MANAGEMENT OF HELMINTHIASIS AMONG HIV/AIDS HOSPITALIZED PATIENTS IN MNH.,2008,TEMU
BPH000206,ASSESSMENT OF HIV PATIENTSï¾’ SATISFACTION WITH HEALTH CARE SERVICES PROVIDED AT THE HIV CLINIC.,2008,KAGASHE
BPH000207,QUALIFICATION OF HP 1050 HPLC UNDER cGMP GUIDELINES,2008,KAALE; RISHA
BPH000208,ASSESSMENT OF THE SUPPLY PATTERN OF MEDICINE IN TANZANIA,2008,CHAMBUSO
BPH000209,PATTERNS OF POISONING CASES AT MNH.,2008,"KAALE, RISHA , NGASSAPA, MWAMBETE, AMANI; MLAVWASI."
BPH000210,ASSESSMENT OF ANTI-MICROBIAL ACTIVITY OF MEDICATED SOAPS COMMONLY USED BY DAM RESIDENTS.,2008,MWAMBETE
BPH000211,INVESTIGATION OF THE QUALITY OF ARTEMETHER-LUMEFANTRINE (Alu) TABLETS DISTRIBUTED IN DSM.,2008,HAULE
BPH000212,"MICROBIOLOGICAL PROFILES OF NON-STERILE PHARMACEUTICALS DELIVERED TO OUTPATIENTS AT AMANA MUNICIPAL HOSPITAL, DSM.",2008,MUGOYELA; MWAMBETE
BPH000213,ASSESSMENT OF KNOWLEDGE OF THE COMMUNITY ON ADVERSE EFFECTS OF NON-STEROIDAL ANTIINFLAMMATORY DRUGS IN ILALA MUNICIPAL.,2008,TEMU
BPH000214,FORMULATION OF TROPICAL PHARMACEUTICAL PRODUCTS FROM TEA TREE OIL.,2008,MBWAMBO; MOSHI
BPH000215,Qualification of Varian Prostar HPLC equipment under GMP guidelines,2008,
BPH000216,Antimicrobial Activity of Isoglossa lactae leaf Extract,2008,
BPH000217,ASSESSMENT OF THE LIMITING FACTORS IN ACCEPTABILITY AND TOLERABILITY TO ARCS AMONG HIV/AIDS PATIENTS AT SINZA HEALTH CENTRE CTC IN KINONDONI DISTRICT,2008,MUGOYELA
BPH000218,"DEVELOPMENT OF CAPSULES FROM MORIZELLA, AN AQUEOUS EXTRACT OF HIBISCUSS SABDARIFFA CALYCES & MORINGA OLEIFERA LEAVES.",2008,MOSHI; KAALE
BPH000219,Assessment of Knowledge on Drug-Drug interactions among Dispensers in Retail Pharmacies in Dar es Salaam.,2008,
BPH000220,Public Opinion Regarding the Use of Over-The-Counter medicines in General,2008,
BPH000221,Assessment of Quality of Pharmaceutical Outlets in Private Hospitals in Dar Es Salaam,2008,
BPH000222,Societal Perception of Artemether ï¾– Lumefantrine as Firstï¾–line Antimalaria medicine in Tanzania,2008,
BPH000223,Evaluation of efficacy of medicated Soaps Commonly used in Tanzania,2008,
BPH000224,"To Assess Career Plans and Perception of Students, Interns and Practicing Pharmacists in Tanzania",2008,
BPH000225,ANTICONVULSANT AND ANTIMICROBIAL SCREENING OF HYDROETHANOLIC EXTRACTS OF PLANTS USED IN TRADITIONAL MEDICINE,2008,MOSHI
BPH000226,Assessment of Dispensing Practice of ALu in Public Health Facilities and Private Pharmacies in Dar es Salaam,2008,
BPH000227,Assessment of drug Use Pattern at MNH,2008,
BPH000228,Prevalence of Cosmetic Usage (Creams and Lotions) for Beautification Purpose among Ilala Residents,2008,
BPH000229,Assessment of Limiting Factors in Acceptability and Tolerability of ARVs among HIV/AIDS patients at Sinza Health CTC Health centre in Kinondoni District.,2008,
BPH000230,EVALUATION OF THE PREVALENCE OF INSULIN DEPENDENT DIABETES MELLITUS IN PATIENTS ON ARV IN MNH.,2008,KABATI
BPH000231,"ASSESSMENT OF KNOWLEDGE, ATTITUDE AND BELIEF TOWARD PSYCHOTROPIC MEDICATION USE AMONGST PATIENTS IN DAM ï¿½ TANZANIA.",2008,HAULE; FRANK MASAO
BPH000232,ASSESSMENT OF KNOWLEDGE OF HIV/AIDS AMONG WOMEN HAIRDRESSERS AND THEIR WILLINGNESS TO TEST FOR HIV/AIDS IN ILALA MUNICIPAL DSM 2008,2008,MUGOYELA
BPH000233,"BIOLOGICAL TEST, TOXICITY TEST AND CHEMICAL CHARACTERIZATION OF ACTIVE PHYTOCONSTITUENTS FROM MIMUSOPS FRUTICOSA ROOT",2008,KAMUHABWA; MBWAMBO
BPH000234,Acceptability and Availability of Medicines for Opportunistic Infections in Some Care and Treatment Clinics in Dar es salaam Catchment area.,2008,
BPH000235,Qualification of CAMAG HPLC System and analytical Balance under cGMP Guidelines,2008,
BPH000236,"Assessment of the Medical Pharmaceutical Malpractice in Malaria Treatment in Different Healthcare Facilities including Pharmacies, Dispensaries and Hospitals in Dar es Salaam",2008,
BPH000237,ASSESSMENT OF PREVALENCE OF NAUSEA AMONG PREGNANT WOMEN IN DSM,2009,MWAMBETE
BPH000238,DEVELOPMENT AND VALIDATION OF AN IMPROVED HPTLC. DENSITOMETRIC METHOD FOR QUALTITATIVE ANALYSIS OF FLUCONAZOLE,2009,KAALE
BPH000239,SCREENING FOR IN VITRO ANTIMICROBIAL ACTIVITY OF OCIMUM GRAVEOLENS CRUDE EXTRACT,2009,MWAMBETE
BPH000240,POLARIMETRIC ASSESSMENT OF QUALITY OF DEXTROSE 5% INFUSION AND ORAL REHYDRATION SALTS,2009,KAALE; RISHA
BPH000241,HUMAN RESOURCES FOR HEALTH: WHERE ARE THE PHARMACEUTICAL PERSONNEL IN TANZANIA?,2009,TEMU; KARIN WIEDMEYER
BPH000242,DEVELOPMENT AND VALIDATION OF A HIGH PERFORMANCE THIN LAYER CHROMATOGRAPY-DENSITOMETRIC METHOD FOR ASSAY OF RIFAMPICIN/ISONIAZID/PYRAZINAMIDE AND ETHAMBUTOL IN FIXED DOSE COMBINATION.,2009,KAALE; RISHA
BPH000243,ASSESSMENT OF AWARENESS ON PHARMACY PROFESSION AMONG HIGH SCHOOL STUDENTS MAJORING ON PCB IN ILALA DISTRICT.,2009,MWAMBETE
BPH000244,CHEMICAL PROFILES AND MOSQUITO LARVICIDAL ACTIVITIES OF THE ETHANOL EXTRACTS OF THREE KOTSCHYA SPECIES.,2009,E. INNOCENT
BPH000245,FACTORS INFLUENCING MANAGEMENT OF ANAEMIA IN PREGNANCY WOMEN AT ANTINETAL CLINICS IN ILALA MUNICIPALITY,2009,MWAMBETE
BPH000246,ASSESSING EMERGENCY MEDICAL CARE IN DSM: A CASE STUDY IN ILALA DISTRICT.,2009,TEMU
BPH000247,DISPOSAL OF EXPIRED DRUGS BY PHARMACIES AND PART II SHOPS IN DSM.,2009,KAGASHE
BPH000248,LARVICIDAL AND CYTOTOXIC ACTIVITIES OF THREE ANNONA SPECIES GROWING IN TANZANIA,2009,MAGADULA; E. INNOCENT
BPH000249,IN VITRO EVALUATION OF ANTIBIOTIC RESISTANCE AMONG BACTERIA CLINICAL ISOLATES USING DISK DIFFUSION METHOD,2009,MWAMBETE
BPH000250,ANTIBIOTIC RESISTANCE IN BACTERIA HOSPITAL ISOLATES IN DSM.,2009,MWAMBETE
BPH000251,HEALTH WORKERS KNOWLEDGE ON QUININE USE AS THE SECOND LINE DRUG IN THE TREATMENT OF MALARIA IN KILWA DISTRICT,2009,KALALA
BPH000252,IRRATIONAL USE OF ERECTILE DYSFUNTION MEDICINES,2009,MALELE
BPH000253,BRINE SHRIMP LETHALITY TEST OF SOME MEDICINAL PLANTS USED BY TRADITIONAL HEALERS IN TANZANIA,2009,MOSHI; E. INNOCENT
BPH000254,MICROBIOLOGICAL ASSESSMENT OF COMMONLY AVAILABLE ANTIMICROBIAL AGENTS IN ILALA MUNICIPALITY DSM.,2009,MWAMBETE
BPH000255,AVAILABILITY AND USE OF BANNED COSMETICS IN DSM.,2009,KAGASHE
BPH000256,MICROBIAL QUALITY OF EXTEMPORANEOUS AND INDUSTRIALLY MANUFACTURED JUICE BEVERAGES IN DSM,2009,MWAMBETE
BPH000257,OPTIMIZATION OF PARACETAMOL FORMULATION PREPARED VIA FLUIDIZED BED GRANULATION,2009,RISHA; KAALE
BPH000258,Survey of medication errors in Pediatrics at MNH,2009,
BPH000259,Challenges encountered during implememtation of IPT of Malaria in Pregnant women in Kinondoni Municipal,2009,
BPH000260,Assessment of knowledge on Menstrual Cycle and use of Contraceptives among secondary school girls in Dar es Salaam region,2009,
BPH000261,Influence of stock out duration on prescribing pattern,2009,
BPH000262,"Development and validation of a HPTLC Densintometric Method for Assay of Rifampicin, Isoniazid and Ethambutol",2009,
BPH000263,IN VITRO SCREENING OF SELECTED TANZANIAN TRADITIONAL MEDICINAL PLANTS FOR ANTIFUNGAL ACTIVITY.,2009,NGASSAPA; RUNYORO
BPH000264,IMPLICATIONS OF HIV-1 INFECTION OF PREGNANCY OUTCOMES UNDER CURRENT ARV TREATMENT & PROPHYLAXIS GUIDELINES,2009,MWAMBETE
BPH000265,Irrational use of Erectile Dysfunction drugs.,2009,
BPH000266,"ASSESSMENT OF KNOWLEDGE, ATTITUDE AND PRACTICE OF WOMEN WITH UNDER FIVES TOWARDS MALARIA TRANSMISSION, TREATMENT AND PREVENTION IN ILALA, DSM.",2009,HAULE
BPH000267,Assessment of content uniformity and dissolution profile of locally manufactured paracetamol tablet,2009,
BPH000268,Development of a Screening Method for counterfeited toothpaste.,2009,
BPH000269,Implications of HIV-1 on pregnancy outcomes under current ARV Treatment & Prophylaxis guidelines,2009,
BPH000270,Knowledge of barbers on the risk of spreading HIV through using the same haircutting machines,2009,
BPH000271,SCREENING FOR ANTIMICROBIAL ACTIVITY OF TANZANIAN HONEY.,2010,NGASSAPA; RUNYORO
BPH000272,ASSESSMENT OF THE KNOWLEDGE OF DRUG DISPENSERS AND PREGNANT WOMEN ON THE USE OF ARTEMETHER LUMEFANTRINE DURING PREGNANCY,2010,KAMUHABWA
BPH000273,BACTERIOLOGICAL PROFILE OF GROUND BLACK PEPPER AND PAPRIKA SOLD IN RETAIL OUTLETS OF ILALA DISTRICT IN DSM.,2010,MLOKA
BPH000274,DRUG USE IN PREGNANCY; KNOWLEDGE OF DISPENSERS AND PREGNANT WOMEN.,2010,KAMUHABWA
BPH000275,PREVALENCE AND MANAGEMENT OF NOSOCOMIAL INFECTION AT MNH,2010,MWAMBETE
BPH000276,"IN VITRO ANTIMICROBIAL, ANTIOXIDANT AND CYTOTOXICTITY STUDIES OF COMMIPHORA UGOGENSIS",2010,RAMADHANI NONDO
BPH000277,HARNESING THE HIGH THROUGHPUT POTENTIAL OF THE HIGH PERFORMANCE THIN LAYER CHROMATOGRAPHY IN DISSOLUTION TESTING.,2010,KAALE
BPH000278,PREVALENCE AND EFFECTIVENESS OF HOME TREATMENT OF MALARIA IN KINONDONI DISTRICT DSM.,2010,MUNG’ONG’O
BPH000279,ASSESSING THE PREPAREDNESS OF SOME HEALTH CARE DELIVERY SYSTEM IN DSM FOR PREVENTION AND TREATMENT OF 2009 INFLUENZA A HINI FLU,2010,KAMUHABWA
BPH000280,ASSESSMENT OF KNOWLEDGE OF PRESCRIBING AND DISPENSING PRACTICES OF ANTIMALARIAL DRUGS FOR PARDIATRICS IN DSM,2010,KAMUHABWA
BPH000281,ILALA DISTRICT PHARMACISTS FIRST AID AND BASIC LIFE SUPPORT KNOWLEDGE.,2010,MLOKA
BPH000282,EVALUATION OF MICROBIOLOGICAL QUALITY OF TANZANIAN HONEY,2010,NGASSAPA; RUNYORO
BPH000283,"Acceptability of using Alu in the management of uncomplicated malaria in children under five years old in Kinondoni District, Dar es Salaam.",2010,
BPH000284,WHAT TANZANIAN DOCTORS EXPECT FROM THEIR PHARMACISTS A CASE STUDY OF THE SELECTED PUBLIC HOSPITALS DSM.,2010,MLOKA
BPH000285,Development of a generic omeprazole 20mg uncoated tablet formulation,2010,
BPH000286,Prevalence of medically important fungi on cockroaches captured within Muhimbili National Hospital,2010,
BPH000287,"Studies of antimicrobial, antioxidant and cytotoxic properties of Teclea amaniensis",2010,
BPH000288,Knowledge and practice of dispensers towards asthma management in Ilala,2010,
BPH000289,Assessment of labeling of herbal medicine (Sold in retail outlets of Ilala District,2010,
BPH000290,"Drug use in pregnancy, knowledge of dispenses and pregnant women",2010,
BPH000291,"KNOWLEDGE AND PRACTICE OF PHARMACEUTICAL DISPENSERS REGARDING ORAL HEALTH IN ILALA DISTRICT, DSM.",2010,MLOKA
BPH000292,Availability of antimalaria medicines in the Central Business areas of Dar es Salaam,2010,
BPH000293,Problem encountered in the implementation of intermittent preventive treatment (IPT) of malaria,2010,
BPH000294,DETERMINATION OF ADHERENCE LEVEL TO ANTIRETROVIRAL THERAPY IN HIV PATIENT,2010,MINZI; NGAIMISI
BPH000295,Assessment of young children's care giver's knowledge on malaria in high and low income areas in Kinondoni District,2010,
BPH000296,Investigation for cytotoxic compounds from four Tanzania Garcinia plants species,2010,
BPH000297,Dissolution release of a new saquinavir tablets (500mg) generic formulations,2010,
BPH000298,UNDEGRADUATE UNIVERSITY STUDENTS KNOWLEDGE AND PRACTICE ON EMERGENCY CONTRACEPTIVE PILLS,2010,MLOKA
BPH000299,Factors hindering provision of proper pharmaceutical services in community pharmacies in Ilala District,2010,
BPH000300,Ethnopharmacological study of plants used in treatment of eye disease/condition in Arumeru District - Arusha,2010,
BPH000301,Tapping the high throughputness potential of HPTLC to simplify dosage content uniformity testing,2010,
BPH000302,Assessment on the knowledge of drug dispensers and pregnant women on the use of artemethes lumefantrine during pregnancy.,2010,
BPH000303,Ethnopharmacological survey of plants used in management of labour pain and abortion in Njombe District,2010,
BPH000304,Prevalence and management of Nosocomial infections at MNH,2010,
BPH000305,MYCOLOGICAL PRODICE OF PAPRIKA AND BLACK PEPPER SOLD AT RETAIL OUTLETS OF ILALA DISTRICT DSM.,2010,MLOKA
BPH000306,"STUDIES OF ANTIMICROBIAL, ANTIOXIDANT AND CYTOTOXICITY PROPERTIES OF TECLEA AMANIENSIS",2010,P ERASTO
BPH000307,Comparative evaluation of quality parameters of co-trimoxazole tablets dispensed in care and treatment clinics and private pharmacies in Dar es Salaam,2010,
BPH000308,Antimicrobial activity of Spilanthes mauritiana,2010,
BPH000309,Influence of household income in purchasing medicine in Kinondoni District,2010,
BPH000310,Search for antioxidant compounds from some garcinia plants growing in Tanzania,2010,
BPH000311,HOUSEHOLD SURVEY ON ACCESS TO AND USE OF MEDICINES FOR ACUTE ILLNESS,2011,MUNG’ONG’O
BPH000312,BACTERIOLOGICAL PROFILE OF COCKROACHES CAPTURES FROM SELECTED AREAS OF MNH.,2011,MLOKA
BPH000313,CONTENT OF ASCORBIC ACID IN FRUITS AND COMMERCIAL FRUIT JUICE ON THE TANZANIAN MARKET.,2011,MUNG’ONG’O
BPH000314,BIOFILM FORMING ABILITY AND ANTIBIOTIC RESISTANCE PATTERN,2011,MLOKA
BPH000315,ASSESSMENT OF THE MOISTURE PERMEABILITY AND CLOSURE SYSTEMS OF PLASTIC BOTTLE(S) USED AS PRIMARY MEDICINE PACKAGING CONTAINERS,2011,KAALE
BPH000316,ANTIBIOTIC PRESCRIBING PATTERNS IN DENTISTRY AT MNH,2011,MLOKA
BPH000317,ADHERENCE TO DRUGS STORAGE CONDITIONS IN PRIVATE PHARMACIES IN DSM.,2011,MUNG’ONG’O
BPH000318,ASSESSMENT OF CHILDREN ADHERENCE TO ANTIRETROVIRAL THERAPY AT FOUR HIV CARE AND TREATMENT CENTRES (CTC),2011,KAGASHE
BPH000319,EVALUATION OF LARVICIDAL ACTIVITY OF VITEX FISCHERI CRUDE EXTRACTS ON CULEX QUINQUEFASCIATUS.,2011,E. INNOCENT
BPH000320,ASSESSMENT OF HOSPITAL PHARMACISTSï¾’ WORKTIME DISTRIBUTION ON PATIENT CARE AND STORE MANAGEMENT IN THE HOSPITAL,2011,MUGOYELA
BPH000321,DEVELOPMENT OF A GENERIC FORMULATION OF PADIATRIC 20MG ZINC TABLES VIA DIRECT COMPRESSION TECHNIQUE.,2011,KAALE
BPH000322,ASSESSMENT OF CHEMOTHERAPEUTIC MANAGEMENT OF ACUTE POSTOPERATIVE PAIN (APOP) BY HEALTH CARE PROVIDERS AT MNH.,2011,MWAMBETE
BPH000323,SELF-MEDICATION WITH EYE MEDICINES IN PATIENTS ATTENDING EYE CLINICS AT FOUR HEALTH FACILITIES IN DSM REGION.,2011,KAGASHE
BPH000324,SURVEY OF HEALTH INSURANCE SCHEMES IN DSM.,2011,MUGOYELA
BPH000325,ASSESSMENT OF ANTI-RETROVIRAL REGIMEN CHANGES DUR TO STOCK-OUT AT CARE AND TREATMENT CLINICS LOCATED IN KINONDONI DSM.,2011,MORI
BPH000326,KNOWLEDGE OF A-LEVEL SECONDARY SCHOOL STUDENTS TAKING PCB ON THE PROFESSION OF PHARMACY,2011,KALALA
BPH000327,ASSESSMENT OF THE UNIVERSITY STUDENTS PERCEPTION ON TRADITIONAL MEDICINE UTILIZATION IN DSM.,2011,MALELE
BPH000328,'--not specified--,2011,MUNG’ONG’O
BPH000329,"ASSESSMENT OF PREVALENCE OF ANTICANCER DRUG INDUCED HEMATOLOGICAL COMPLICATIONS AND THEIR PHARMACOLOGICAL MANAGEMENT AT OCEAN ROAD CANCER INSTITUTE, DSM, TANZANIA.",2011,KAMUHABWA
BPH000330,"PUBLIC KNOWLEDGE, ATTITUDE AND PERCEPTION OF THE COUNTERFEIT MEDICINES: STUDY IN DSM. REGION, TANZANIA.",2011,TEMU
BPH000331,MICROBIOLOGICAL QUALITY OF BOTTLED DRINKING WATER AVAILABLE IN DSM MARKET,2011,MWAMBETE
BPH000332,"DEVELOPMENT OF SIMPLE, ENVIRONMENTAL FRIENDLY AND COST-EFFECTIVE ON-SIDE DISPOSAL METHOD FOR DIAZEPAM",2011,KAALE
BPH000333,ASSESSMENT OF ANTIBACTERIAL ACTIVITIES OF DIFFERENT BRANDS OF CIPROFLOXACIN TABLETS.,2011,MWAMBETE; MALELE
BPH000334,SCREENING FOR ANTIMICROBIAL ACTIVITY OF THE PLANT INDIGOFERA ARRECTA,2011,NGASSAPA; RUNYORO
BPH000335,SCRRNING FOR ANTIMICROBIAL ACTIVITY OF THE PLANT INDIGOFERA ZENKERI.,2011,NGASSAPA; RUNYORO
BPH000336,"ASSESSMENT ON USES FOR DRUGS WITH GABAERGIC EFFECTIN DSM, TANZANIA.",2011,NGAIMISI
BPH000337,Choice and Availability of anti malarias in Pharmacies located in the peripheral area of Kinondoni district in Dar es salaam,2011,
BPH000338,ASSESSING THE SIDE EFFECTS OF SKIN BLEACHING AGENTS AND FACTORS THAT MOTIVATE WOMEN TO USE THEM IN ILALA DISTRICT ï¾– DSM.,2011,KALALA
BPH000339,"Availability, cost, and Affordability of Antidiabetic medicines in Public and Private Health facilities in Dar es Salaam Tanzania.",2011,
BPH000340,Client satisfaction with National Health Insurance Fund services in District Hospital in Dar es Salaam.,2011,
BPH000341,Prevalence of erectile dysfunction among diabetics attending Amana and Mwananyamala Hospitals,2011,
BPH000342,STUDIES OF THE ANTIMICROBIAL AND ANTIOXIDANT PROPERTIES OF HALLEA RUBROSTIPULATA,2011,P ERASTO
BPH000343,Investigation of Abortifacient Activity on The leaves of Manihot Esculenta (Cassava),2011,
BPH000344,"Public knowledge, Attitude and perception counterfeit medicine in Tanzania; case study in Dar es Salaam region.",2011,
BPH000345,Development of Generic formulation of paediatric 20mg Zinc tablets,2011,
BPH000346,ASSESSMENT OF KNOWLEDGE AND PERCEPTION ON ART AMONG DSM SECONDARY SCHOOL STUDENTS,2012,MWAMBETE
BPH000347,ASSESSMENT OF THE EFFECTIVE IMPLEMENTATION OF CO-TRIMOXAZOLE PROPHYLAXIS IN CHILDREN BORN TO HIV-INFECTED MOTHERS IN DAR ES SALAAM,2012,KAMUHABWA
BPH000348,ASSESSMENT OF ANTIMALARIAL USES IN CHILDREN LESS THAN 2 YEARS.,2012,NGAIMISI
BPH000349,MEDICINAL PLANTS USED FOR THE TREATMENT OF MALARIA AND ANAEMIA IN TANZANIA AND DETERMINATION OF FOLIC ACID AND IRON CONTENT.,2012,MAREGESI
BPH000350,DRUG PRESCRIBING PATTERNS AND PREVALENCE OF POSSIBLE DRUG-DRUG INTERACTION AT THE MNH HIV CLINIC,2012,MLOKA
BPH000351,EVALUATION OF THE SUITABILITY OF LOCALLY AVAILABLE COMMON SALT FOR PHARMACEUTICAL USE.,2012,CHAMBUSO
BPH000352,ADHERENCE TO DRUGS STORAGE CONDITIONS IN HOSPITAL PHARMACIES IN DAR ES SALAAM.,2012,MUNG’ONG’O
BPH000353,KNOWLEDGE OF HEALTH WORKERS AND PREGNANT WOMEN ON THE USE OF NON-STEROIDAL ANTI-INFLAMMATORY DRUGS DURING PREGNANCY IN DSM.,2012,KAMUHABWA
BPH000354,INVESTIGATION OF INVIVO ANTIMALARIAL ACTIVITY OF LANTANA CAMARA L FLOWERS,2012,MUGOYELA; P. ERASTO
BPH000355,RATE AND MAGNITUDE OF ACCIDENTAL NEEDLESTICK INJURIES AT TWO HOSPITALS IN DAR ES SALAAM.,2012,KALALA
BPH000356,ADHERENCE TO DOSAGE REGIMEN OF ARTEMETHER AND LUMEFANTRINE (ALU) FOR TREATMENT OF UNCOMPLICATED PLASMODIUM FALCIPARUM MALARIA IN TWO MUNICIPAL HOSPITALS IN DAR ES SALAAM.,2012,MALELE
BPH000357,SCREENING FOR LARVICIDAL ACTIVITY OF ESSENTIAL OILS FROM SPICES,2012,RUNYORO; NGASSAPA
BPH000358,DEVELOPMENT AND VALIDATION OF AN HPTLC- DENSITOMETRIC METHOD FOR ANALYIS OF PREDNISOLONE TAMBETS,2012,DR.KAALE
BPH000359,KNOWLEDGE AND USE OF NUTRITIONAL SUPPLEMENTS AMONG UNIVERSITY STUDENTS,2012,MLOKA
BPH000360,ADULTERATION PRACTICES OF ANIMAL FEEDS WITH HUMAN MEDICINES BY ANIMAL KEEPERS IN DSM REGION,2012,MINZI
BPH000361,USE OF COMPLEMENTARY AND ALTERNATIVE MEDICINE BY STROKE PATIENTS IN DAR ES SALAAM.,2012,NGASSAPA
BPH000362,BRINE SHRIMP LETHALITY OF ZANTHOXYLUM LINDENSE AND ZANTHOXYLUM HOLTZIANUM,2012,RUNYORO; NGASSAPA
BPH000363,"ESSENTIAL METALS ANALYSIS, ANTIFUNGAL, LARVICIDAL AND CYTOTOXICITY ACTIVITY OF BOERHAVIA COCCINEA AND ASPARAGUS FLAGELLARIS LEAVES",2012,MAREGESI
BPH000364,AWARENESS AMONG MEDICAL DOCTORS ABOUT REPORTING OF ADVERSE DRUG REACTIONS IN HIV AND AIDS PATIENTS IN PUBLIC HOSPITALS IN DAR ES SALAAM.,2012,MUGOYELA
BPH000365,PRESCRIBING PATTERN IN ELDERLY PATIENTS ADMITTED IN INTERNAL MEDICINE WARD AT MNH.,2012,KAGASHE
BPH000366,CHALLENGES IN THE USE OF COTRIMOXAZOLE FOR PROPHYLAXIS AND TREATMENT OF OPPORTUNISTIC INFECTIONS IN HIV INFECTED CHILDREN.,2012,KAMUHABWA
BPH000367,COMPARISON OF PRESCRIBING PRACTICE IN PAEDIATRICS WITH PNEUMONIA IN SELECTED PUBLIC AND PRIVATE HOSP.,2012,KALALA
BPH000368,"Assessment of knowledge, skills and competence of ADDO dispensers with TFDA regulation compliance in Kibaha Coast region",2012,
BPH000369,"EXPLORING AVAILABILITY, AWARENESS, KNOWLEDGE AND ATTITUDE ABOUT EMERGENCY CONTRACEPTIVE PILLS IN DSM.",2012,KAGASHE
BPH000370,CYTOTOXICITY AND ISOLATION OF COMPOIUNDS FROM FOUR GARCINIA PLANT SPECIES GROWING IN TANZANIA,2012,MAGADULA; E. INNOCENT
BPH000371,"Assessment of Knowledge, attitudes and practice of complementary and alternative medicine (CAM) Among Medical students at MUHAS",2012,
BPH000372,THE INFLUENCE OF STOCK OUT DURATION ON PRESCRIBING PATTERN,2012,MALELE
BPH000373,DEVELOPMENT AND VALIDATION OF HPTLC DENSITOMETRIC METHOD FOR ANALYSIS OF MEBENDAZOLE TABLETS FOR MUHAS PHARM R & D LABORATORY,2012,KAALE
BPH000374,"DETECTION OF COUNTERFEIT CIALIS TABLETS BY PHYSICAL INSPECTION, NEAR INFRARED SPECTROSCOPY AND THIN LAYER CHROMATOGRAPHY TECHNOLOGY",2012,KAALE; KAGASHE
BPH000375,Awareness of prostate cancer among people in a community,2012,
BPH000376,Natural drugs used for treatment of Snake bites at Ukerewe district Tanzania.,2012,
BPH000377,ASSESSMENT OF AVAILABILITY AND USE OF MOSQUITO REPELLENTS IN DAR ES SALAAM REGION.,2012,KAGASHE
BPH000378,Patient's instruction delivered by Pharmaceutical Dispensers at a Public hospital in Dar es Salaam.,2012,
BPH000379,"ASSESSMENT OF KNOWLEDGE, ATTITUDE AND PRACTICE OF COMPLEMENTARY AND ALTERNATIVE MEDICINE AMONG MD, DDS AND BSCN STUDENTS AT MUHAS",2012,RUNYORO; NGASSAPA
BPH000380,ANTIMICROBIAL ACTIVITY AND PHYTOCHEMICAL ANALYSIS OF BOERHAVIA COCCINEA,2012,MAREGESI
BPH000381,"Causes, Magnitude and management of asthma in children under-five in municipal district hospitals in Dar es Salaam",2012,
BPH000382,CONTENT OF ASCORBIC ACID IN VITAMIN C TABLETS AVAILABLE ON DAR ES SALAAM MARKETS.,2012,MUNG’ONG’O; SEMPOMBE
BPH000383,Lifestyle drugs: Prevalence of use and the received effects among University students.,2012,
BPH000384,ASSESSMENT OF KNOWLEDGE OF DRIVERS ON THE CONTENTS AND USE OF FIRST AID KITS,2012,KAGASHE
BPH000385,ASSESSMENT OF QUALITY OF SELECTED CO-TRIMOXAZOLE PAEDIATRIC ORAL SUSPENSION BRANDS MARKETED IN TANZANIA,2012,WANNDE
BPH000386,KNOWLEDGE OF HIV/AIDS AND OTHER STTs BY FIRST YEAR UNDERGRADUATE STUDENTS AT MUHAS AND DIT,2012,MUGOYELA
BPH000387,PRE-FORMULATION STUDIES FOR OMEPRAZOLE TABLETS,2013,KAALE
BPH000388,ESTIMATION OF TRANS-RESVARATROL IN GRAPE BERRY SKIN EXTRACT BY HIGH-PERFORMANCE THIN-LAYER CHROMATOGHAPY (HPTLC).,2013,MALELE
BPH000389,QUANTIFICATION OF ESSENTIAL METALS AND VITAMINS IN TAMARINDUS INDICA AND RUMEX USAMBARENSIS LEAVES,2013,MAREGESI
BPH000390,ASSESSMENT OF PRESCRIPTION PATTERN AMONG PREGNANT WOMEN DIAGNOSED WITH UTIs IN DAR ES SALAAM.,2013,TEMU
BPH000391,"COMPARISON OF SEVERITY OF ANEMIA IN PREGNANT WOMEN WHO ARE UNDER ARVï¾’S AND PREGNANT WOMEN WHO ARE HIV NEGATIVE IN TEMEKE, AMANA AND MWANANYAMALA",2013,TEMU
BPH000392,ANTIMICROBIAL ACTIVITY AND METAL ANALYSIS OF TRICHODESMA ZEYLANICUM,2013,MAREGESI
BPH000393,TRADITIONAL BEAUTY METHODS AND PHYTOCHEMICAL SCREENING,2013,MAREGESI
BPH000394,FACTORS ASSOCIATED WITH PREGNANCIES AMONG HIV INFECTED WOMEN ATTENDING MUNICIPAL AND NATIONAL HOSPITAL IN DSM.,2013,NGAIMISI
BPH000395,QUALITY ASSESSMENT OF SELECTED ARTEMETHER-LUMEFANTANTRINE BRANDS CIRCULATING IN TANZANIA MARKET,2013,MR.WANNDE
BPH000396,ANTIFUNGAL ACTIVITY OF THE PLANT EUPHORBIA CORTINIFOLLA L AGAINST FUNGI CAUSING ONYCHOMYCOSIS,2013,RUNYORO; NGASSAPA
BPH000397,KNOWLEDGE AND USE OF FOLIC ACID AMONG PREGNANT WOMEN,2013,KAGASHE
BPH000398,ASSESSMENT OF QUALITY OF FERROUS SULPHATE AND FOLIC ACID TABLETS AND CAPSULES,2013,KAALE
BPH000399,SCREENING FOR MOSQUITO LARVICIDAL ACTIVITIES OF VARIOUS EXTRACTS OF ZANTHOXYLUM LINDENSE AND ZANTHOXYLUM HOLTZIANUM,2013,NGASSAPA; RUNYORO
BPH000400,ASSESSMENT OF INFORMATION GIVEN TO PATIENTS ON DISCHARGE DAY ON USES AND HOME STORAGE OF NITROGLYCERINE SUBLINGUAL TABLETS BY RESPONSIBLE HEALTH PERSONNEL IN MNH.,2013,CHAMBUSO
BPH000401,SCREENING FOR ANTIMICROBIAL ACTIVITY OF VARIOUS EXTRACTS OF ZANTHOXYLUM LINDENSE AND ZANTHOXYLUM HOLTZIANUM,2013,RUNYORO; NGASSAPA
BPH000402,ASSESSMENT OF KNOWLEDGE ATTITUDE AND PRACTICE ON THE USE OF NATURAL ANTIOXIDANTS TOWARDS CANCER PREVENTION AMONG HEALTH PERSONNEL AT MUHIMBILI,2013,MALELE
BPH000403,ASSESSMENT OF FACTORS ASSOCIATED WITH IMPROVEMENT OF CNS ILLNESS AMONG HIV PATIENTS ATTENDING MNH.,2013,NGAIMISI
BPH000404,"ASSESSMENT OF RISK FACTORS FOR DIABETES MELLITUS IN ERA OF HIV, ART USE AND CHANGING LIFESTYLE",2013,NGAIMISI
BPH000405,EVALUATION OF TOXICITY AND IN VIVO ANTITRYPANOSOMAL ACTIVITIES OF ALBIZIA GUMMIFERA,2013,SEMPOMBE; MUGOYELA
BPH000406,ASSESSMENT OF FACTORS INFLUENCING AGE OF DIAGNOSIS AND TIME TO DEVELOP COMPLICATIONS OF DIABETES MELLITUS IN PATIENTS ATTENDING MNH,2013,NGAIMISI
BPH000407,"TO ASSESS THE KNOWLEDGE AND ATTITUDES TOWARDS MORPHINE USE IN PAIN MANAGEMENT AMONG CLINICIANS AT MNH, DAR ES SALAAM TANZANIA.",2013,HAULE
BPH000408,"ANTIBACTERIAL ACTIVITY OF CHLORAMPHENICOL, TETRACYCLINES AND MICROLIDES FROM THREE BORDERS REGIONS OF TANZANIA",2013,MWAMBETE
BPH000409,AVAILABILITY AND USE OF SUNSCREENS AMONG PEOPLE WITH ALBINISM IN SELECTED SOCIETIES IN DAR ES SALAAM,2013,KAGASHE
BPH000410,ASSESSMENT OF KNOWLEDGE OF PHARMACY DRUG DISPENSERS ABOUT QUALITY OF MEDICINES IN RETAIL PRIVATE COMMUNITY PHARMACIES IN DSM. CITY,2013,KALALA
BPH000411,DEVELOPMENT AND VALIDATION OF HPTLC ï¾– DENSITOMETRIC METHOD FOR ANALYSIS OF ANTIFUNGAL DRUG NYSTATIN,2013,MANYANGA
BPH000412,"ASSESSMENT OF KNOWLEDGES, SKILLS AND ATTITUDES OF DISPENSERS RELATED TO DISPENSING PRESCRIPTION ONLY MEDICINE IN DSM.",2013,KAMUHABWA; MS. BETTY MAGANNDA; MS. BETTY MAGANDA
BPH000413,RATIONAL PRESCRIBING AND USE OF DIGOXIN FOR CONGESTIVE HEART FAILURE AT MNH.,2013,KAMUHABWA
BPH000414,"ASSESSMENT OF ANTIBACTERIAL EFFECTS OF QUINOLONES, AMINOGLYCOSIDES AND PENICILLIN ï¾– DERIVERTIVES FROM THREE REGIONS ALONG THE BOARDERS OF TANZANIA",2013,MWAMBETE
BPH000415,A RETROSPECTIVE ANALYSIS OF THE ACUTE POISONING CASES RECEIVED AT MUHIMBILI NATIONAL HOSPITAL FROM JULY 2009 TO JUNE 2012,2013,HAULE
BPH000416,DEVELOPMENT AND VALIDATION OF HPTLC DENSITOMETRIC METHODS FOR SELECTED ANTIFUNGAL DRUGS.,2013,KAALE
BPH000417,MICROBIOLOGICAL ASSESSMENT OF AMOXILILLIN AND CO-TRIMOXAZOLE AVAILABLE IN FIVE REGIONS ALONG THE BORDERS OF TANZANIA,2013,MWAMBETE
BPH000418,MARKET SHARE OF ANTIBACTERIAL AGENTS USED IN TANZANIA IN 2012 AND THEIR COST ANALYSIS,2013,WANNDE
BPH000419,EXPLORING MANAGEMENT OF MOTHERS AT RISK OF DELIVERING PREMATURE NEONATES AND DELIVERED PREMATURE NEONATES IN TERTIARY HOSPITALS IN DSM.,2013,MINZI
BPH000420,PRE-FORMULATION STUDIES OF LAMIVUDINE/TENOFOVIR DF (300/300MG) FDC TABLETS,2013,KAALE
BPH000421,"PREVALENCE OF SELF MEDICATION AMONG THE UNDERGRADUATE STUDENTS OF MUHAS, IMTU AND HKMU",2013,TEMU
BPH000422,PRE-FORMULATION STUDIES OF LAMIVUDINE/TENOFOVIR OF (300/300MG) FDC TABLETS,2013,KAALE
BPH000423,The nutrition value and metal profile in Rumexusambarensis and Trichodesmazeylanicum,2014,
BPH000424,The proximate analysis and quantification of vitamins in Kigeliaafracana,2014,
BPH000425,Factors associated with pregnancy in HIV positive women using oral contraceptives.,2014,
BPH000426,Screening of antimicrobial activities of propolis from different parts of kilimanjaro.,2014,
BPH000427,Antimicroibial susceptibility profiling of microorganisms isolated from raw vegetables.,2014,
BPH000428,Proportion of hypertensive patients who recieve fewer drugs than the prescribed number yet respond well.,2014,
BPH000429,Use of complementary and alternative medicine in chronic diseases; diabetes and epilepsy,2014,
BPH000430,Indirect imprint sampling technique using filter paper pads for microbial assay,2014,
BPH000431,The prevalance and management of sickle cell disease in children at MNH,2014,
BPH000432,The study in Dar-es-salaam to investigate antibiotic reisistance by chicken’s bacteria with ability to infect humans.,2014,
BPH000433,"Assessment of presence and quantity of microbial contaminants in packaged liquid preparations (TUMBO mixture) from ITM, MUHAS",2014,
BPH000434,Stability studies of reconstituted ampiclox under simulated home storage condiitons.,2014,
BPH000435,Antioxidant activity of Mengifera extracts,2014,
BPH000437,Association Between Hiv And Abo Blood Groups Among Donors At Muhimbili National Hospital.,2014,
BPH000438,Effect of moisture on qualitative and quantitative analysis of efavirenz by near infrared spectroscopy,2014,
BPH000440,Comaprison of the amount of larvicidal compound isolated from the four Kotschya species harvested during wet and dry seasons of the year,2014,
BPH000441,In vivo antitrypanosomal activity of crude extracts from Synadeniumglaucescens and Dichrostachyscinerea,2014,
BPH000443,Screening of herbak formulations for the anticandida activity,2014,
BPH000444,Comparison of understanding and use of dietary supplements between general population and health care providers.,2014,
BPH000445,Self medication during period of pregnancy to delivery time,2014,
BPH000446,Assessment of complaincne of artemether lumefantrine combination therapy in management of pediatric malaria as per Tanzania treatment guidelines in DSM,2014,
BPH000447,In vivo determination of pharmacokinetic interaction between nevirapine and metformin in rabbits.,2014,
BPH000449,"Traditional methods/ products used in treatment of eye diseases and conditions in Misungwi District; Ethnomedical Survey, safety awareness and evaluation",2014,
BPH000450,Prevalance and microbiological profile of urinary tract infection among low income primary school children in DSM,2014,SANGEDA
BPH000451,Assessment of Effectiveness Of Herbal Drugs For Erectile Dysfunction In Dar Es Salaam,2014,
BPH000452,Antibiotic susceptibility of bacterial pathogens in otitis media,2014,
BPH000453,Development method validation on Pumu mixture.,2014,
BPH000454,Assessment of the effect of prepacking on the physical characteristics of medicines.,2014,
BPH000455,Assessment Of Drug Wastage In Operating Theatre.,2014,
BPH000456,Assessment of medicines wastage in operating theatre a case of muhimbili national hospital,2014,
BPH000457,Stability of reconstituted amoxycillin suspension under simulated home storage conditions.,2014,
BPH000458,Ethnopharmacological survey of plants used for gynaecological problems in kikolo district and studies on anti-fertility and toxicity of two plants.,2014,
BPH000459,Tanzanian plants used as antihelmintics:literature review and biological testing,2014,
BPH000460,Developement and validation of high permorfance thin layer chromatography methods for quantititave analysis of doxycycline hyclate in pharmaceutical products.,2014,
BPH000461,Prevalance of anticancer induced side effects and its management in pediatric patients at MNH,2014,
BPH000463,Assesment of price and availabilty of artemisinin combination therapy in community Pharmancy in Kinondoni,2015,
BPH000464,Assessment of knowledge and attitude among nurse attendant : a case of Muhimbili national hospital (MNH),2015,
BPH000465,Comparative assessment of mosquito larvicidal activity of neorautaneniamitis and gnidiakraussiana,2015,
BPH000466,Assessment of post market authorization labelling requirement variability for selected medicines in Dar es salaam,2015,
BPH000467,Investigation of the phytochemicals and antimicrobial activity of terminaliasericea leaves used by traditional healers in iringa region,2015,
BPH000468,Investigation of uterotonic activity of the stem barks of grewiasimilisk.schum(tilliaceael),2015,
BPH000469,"Toxicity evaluation of abrusprecatorius seeds collected from bunda district , tanzania",2015,
BPH000470,Investigation of uterotonic activity of the stem barks of grewiasimilisk.schum(tilliaceael),2015,
BPH000471,Antimicrobial activity of propolis from two regions of tanzania,2015,
BPH000473,ASSESSMENT OF MICROBIAL QUALITY OF pasteurized milk AVAILABLE IN DAR ES SALAAM MARKET,2015,
BPH000474,Evaluation of antimicrobial and cytotoxicity activity of opuntiastricta stem,2015,
BPH000475,Quantification of mangiferin in Mangifera cream,2015,
BPH000476,ASSESSMENT OF THE EFFECTIVENESS OF SP monthly doses for prevention of malaria and anemia in pregnant women visiting the antenatal clinic at Mnazimmoja hospital,2015,
BPH000477,PREVALENCE OF UTI AMONG PREGNANT WOMEN ATTENDING ANTENATAL CLINICS IN DAR ES SALAAM HEALTH FACILTIES,2015,
BPH000478,Larvicidal activity of essential oils from plant species (lippajavanica and athrixiarosmarinifolia) collected in mbeya region.,2015,
BPH000479,Assessment on the availability and use of protective gears among car painters in relation to upper respiratory tract diseases in dsm,2015,
BPH000480,Treatment outcome of artemetherlumefantrine in malaria patients with mixed plasmodium species infections in public health facilities in dares salaam,2015,
BPH000481,Analysis of heavy metal in raw materials used for preparation of Pumu and Tumbo herbal medicines,2015,
BPH000482,Bacterial profile of chopping boards “chips kuku”vendors around Muhimbili national hospital,2015,
BPH000483,"Screening of herbal products (PUMU MIXTURE, INI MIXTURE and TUMBO MIXTURE) produced at ITM for microbial contamination levels",2015,
BPH000484,Assessment of availability of banned ketoconazole in community pharmacies in Dar-es-salaam,2015,
BPH000485,"""Effective of preservative in local herbal cosmetics (cream and lotions).",2015,
BPH000486,assessment of antitrypanocidal activity of crude extracts (mushroom)from cantharelluscongolensis and cantharellusplatyphyllus,2015,
BPH000487,Investigating wound healing activity of chommipheraswytonniiburt exudates,2015,
BPH000488,Evaluation of effectiveness of hospital disinfectant commonly used at MNH in floor cleanliness,2015,
BPH000489,Assessment of knowledge and practice of dispensers in community pharmacies on management of acute watery diarrhea in children,2015,
BPH000490,"Assessment of knowledge, attitude and preferences of contraceptive methods among women in kinondoni district, dares salaam.",2015,
BPH000491,A COMPARATIVE ASSESMENT OF ANTIMICROBIAL EFFICACY OF DIFFERENT TOOTHPASTES COMMONLY USED IN DAR ES SALAAM,2015,SANGEDA
BPH000492,Assesment of antibacterial and antifungalactivity of N. MITIS AND Gnidiakraussiana crude extract,2015,
BPH000493,PREVALENCE AND ANTIBACTERIAL SENSITIVITY OF BACTERIA CAUSING URINARY TRACT INFECTION IN CHILDREN WITH SICKLE CELL DISEASE,2015,SANGEDA
BPH000494,ASSESSMENT OF ADHERANCE TO HEMATINICS IN PREGNANT WOMEN ATTENDING SELECTED MATERNAL AND CHIL HEALTH CLINIC IN DAR-ES-SALAAM,2015,
BPH000495,A comparative study on the role played by general community Vs that played by drugs dispensed in fighting against medicines counterfeit.,2015,
BPH000496,Antimicrobial activity of honey collected from five regions of Tanzania,2015,
BPH000497,"Larvicidal activity of essential oils of plants from the plant species growing in Kilimanjaro region,tanzania",2015,
BPH000498,"Assessment of knowledge, attitude and practice among secondary school student on pharmaceutical products used for dental hygiene at ilala district in dsm",2015,
BPH000499,Assessment of implementation of malaria preventive therapy among HIV infected pregnant women in public health facilities in kinondoni,2015,
BPH000500,Screening of antifungal activity of honey from selected regions of Tanzania,2015,
BPH000502,INVESTIGATION ON THE USE OF DISINFECTANTS IN PEDICURE AND MANICURE SALONS IN DAR ES SALAAM,2015,
BPH000503,ASSESSMENT OF MANAGEMENT OF ACUTE UPPER RESPIRATORY TRACT INFECTIONS BY THE DISPENSARIES IN RETAIL COMMUNITY PHARMACY,2015,
BPH000504,MEDICINE INFORMATION NEEDS AND SOURCES FOR PATIENTS AND DISPENSERS AT DAR ES SALAAM COMMUNITY PHARMACIES,2015,
BPH000505,COMPARATIVE ASSESMENT OF MOQUITO LARVICIDAL ACTIVITY AND TOXICITY POTENTIAL (BRIME SHRIMP TEST) OF COMMIPHORA MERICERI AND PHYLLANTHALUS ENGLERI EXTRACTS,2015,
BPH000506,Assessment of availability and prescribing pattern of anti-malarial drug monotherapies in private dispensaries and community pharmacies in Dar es Salaam,2015,
BPH000507,"Assessment of knowledge,attitude,practice and identity of skin bleaching agents: a case study of women in Kinondoni area, dsm",2015,
BPH000508,Assessment of factors affecting adherence to medications for cardiovascular diseases among elderly patients attending cardiac clinics,2015,
BPH000509,Investigating the rate of survival in HIV patients after five years of HAART initiation in Dar es salaam.,2015,
BPH000510,Comparison of pregnancy outcomes btn adherent and non-adherent mothers in setting with presumed low incidence of malaria.,2015,
BPH000511,ASSESSMENT OF ATTITUDE AND PERCEPTIONS AMONG DOCTORS AND NURSES TOWARDS THE ROLE OF PHARMACISTS IN EMD IN DSM,2015,
BPH000512,Assessment of the management of severe malaria in under-fives admitted in public health facilities.,2015,
BPH000513,"Assessment of knowledge, attitude, practice and identity of skin bleaching agents among women's of higher learning institutions in dares salaam",2015,
BPH000514,Investigation of in vitro anthelmintic activity of the two strychnos,2015,
BPH000515,investigating the challenges faced by the local pharmaceutical industries in packaging and labelling their products,2015,
BPH000516,ASSESSMENTOF KNOWLEDGE ON RATIONAL USE OF VETERINARY DRUGS AMONG POULTRY KEEPING IN ILALA DISTRICT,2015,
BPH000517,"Investigation of phytochemical profile ,antimicrobial and anti helmintic activity of syzygiumgiuneense seeds.",2015,
BPH000518,NNRTIs drug interaction with Moringaoleifera (mlonge),2015,
BPH000520,DETERMINATION OF HEAVY METALS IN LIPSTICKS AND NAILPOLISHES,2015,
BPH000521,HIV TB Co morbidity investigtng the rate of survival and associated clinical outcomes afrer five years of treatment in dares salaam.,2015,
BPH000522,ASSESSMENT OF AWARENESS AND ATTITUDE TOWARDS CONTROL OF EBOLA INFECTIONS AMONG COMMUNITY PHARMACY WORKERS IN DAR ES SALAAM,2015,SANGEDA
BPH000523,Phytochemical screening and cytotoxicity of Neorauteneniamitis and Gnidiakraussiana,2015,
BPH000524,THE IMPORTANCE OF DETERMINING PLASMA LEVELS OF non nucleoside reverse transcriptase inhibitors among patients switching from first line to second line Anti retroviral therapy.,2015,
BPH000525,Comparison on the quality of locally made and imported paracetamol and ibuprofen circulating in dares salaam,2015,
BPH000526,Assessment of knowledge and practice of injection safety among workers of Tanzanian prison health facilities in Dar es salaam.,2015,
BPH000527,"Comparison of preparedness among nurses about reporting adverse drug reaction in public hospitals in DSM, Tz",2016,
BPH000528,"Analysis of minerals, microbial contamination and helminths egg/ova in geophagic clay collected in local Markets ni Dar-es-Salaam",2016,
BPH000529,HIGH Performance Thin Layer Chromatography Densitometric Screening for The Presence of Sildenafil in Octtopus Soup sold in Different Parts of Dar esSalaam,2016,
BPH000530,"Knowledge, Attitude And Practices Of Health Care Providers Towards Isoniazid Preventive Therapy Provision To Hiv Infected Patients In Dar-Es-Salaam Tanzania",2016,
BPH000531,Antiepileptic Activities Of Plants Used To Treat Epilepsy In Nkasi-Rukwa Region,2016,
BPH000532,HPTLC Densitometric Screening for Senna and Sibutramine in Herbal Slimming Products Present in Dar-Es-Salaam Market,2016,
BPH000533,Mosquito larvicidal activity of essential oil of Vernoniahildebrandtii and methanol extract of Premnachrysoclada,2016,
BPH000534,Long term treatment outcomes among patients under Efavirenz or Nevirapine base ART: influence of geniticvariation in CYP2B6,2016,
BPH000535,Assessment on adherence of reccommended dietary intake in pregnant women in Ilala and Kinondonimunicipals.,2016,
BPH000536,Availability of DihydroartemisininPiperaquine for treatment of uncomplicated Malaria at public health facilities in Kinondoni Municipal,2016,
BPH000537,Fungal Contamination Of Groundnuts And Groundnuts Product,2016,SANGEDA
BPH000538,Quality of veterinary medicine circulating in Tanzania market,2016,
BPH000539,"Study On Self Supplementation With Nutritional Supplements Covering Households In Ilala And Kinondoni Municipality, DarEs Salaam.",2016,
BPH000540,"Ethopharmacological survey, phytochemical screening, antimicrobial activity and safety assessment of Duospermacrenetum roots",2016,
BPH000541,Screeening for anticonvulsant activity of essential oil from Schimismolle and methanolic extract from Aframomum mala.,2016,
BPH000542,Bacteriological assessment of air quality of neonatal wards in Dar es salaam referral hospitals and resistance profiling of microorganisms,2016,
BPH000543,Phytochemical screening and antimicrobial potency of root tuber extract of Pyrencanthakaurabassana,2016,
BPH000544,"Assessment of the quality and safety of laundry detergent powders circulating in Kinondoni district, DSM",2016,
BPH000545,Determination of prevalence of antibiotic resistant bacteria in hospital wastewater,2016,
BPH000546,Screening of mosquito larvicidal activity of extracts from Aframomum mala and Zanthoxyluchalybeum,2016,
BPH000547,Microbial quality of packaged tomato sauce available in Dar es Salaam market,2016,
BPH000548,"Assessment of adherence to storage conditions of DAKTACORT cream among community pharmacies and medical stores in Dar-es-salaam ,Tanzania",2016,
BPH000549,Interns' knowledge of nutritional assessment of overweight and obese children and adolescents in Dar es Salaam,2016,
BPH000550,"Antimicrobial activity, toxicity animal studies and metal analysis of Securidacalongipedunculata and Manihotgraziovii leaves",2016,
BPH000551,Patterns of antibacterial use at Kibasila ward in Muhimbili National Hospital,2016,SANGEDA
BPH000552,Role of community pharmacy workers in management of diabetes in Kinondoni district,2016,
BPH000554,Prevalence of pathogenic bacteria in swimming pools of Kigamboni hotels,2016,
BPH000555,In vitro dissolution study of two selected Albendazolegenrics tablets available in Tanzania,2016,
BPH000556,Evaluation of antimicrobial activity of Cissusquadrangularis mixed with Kiruturutubahari used by traditional healer in Bagamoyo district.,2016,
BPH000557,Evaluation of ceftriaxone utilization among inpatients in both private and public hospitals in Dar. Comparative study,2016,
BPH000558,Evaluation of antimicrobial activity of leaves of Crotalaria labunoides as well as acute toxicity,2016,
BPH000559,Screening for diethylene glycol (DEG) in toothpaste brands circulating in Dar es Salaam market,2016,
BPH000560,Assessment of prevalence of selfmedication with antimalarial drugs by secondary school students.,2016,
BPH000561,Bioguided isolation of uterotonic compounds from stem barks of Grewiasimilis k. Schum(Tiliaceae),2016,
BPH000562,Assessment of labelling compliance and metal profile of medicated soap products sold in Dar-es-Salaam retail and cosmetic shops.,2016,
BPH000563,Evaluation of potential aphrodisiac activity of octopus soup in male rats,2016,
BPH000564,"Assessment of Health Related Effects and Screening for Chemical Composition of Selected Local Brews Available in Rombo District, Tanzania.",2016,
BPH000565,Investigation of antitrypanosomial activity of crude extract from Lantana camara aerial parts on Trypanosomabruceibruce,2016,
BPH000566,Assessment of antitrypanosomial activity of crude extract of Carica papaya roots in Trypanosomabruceibrucei species,2016,
BPH000567,Heavy metal analysis of Raw material and Prodcuts of the PUMU and TUMBO herbal mixtures,2016,
BPH000570,High performance thin layer chromatography densitometric screening for Sildenafil adulterated in herbal sexual dysfuction medicines available in the Dar es Salaam market.,2016,
BPH000571,Assessment of bacteriological quality of domestic drinking water and water disinfection practices in Kinondoni Municipal,2016,
BPH000573,HPLC densitometric screening of heroin and cocaine in baobab seed snacks sold around English medium schools in Dar es Salaam,2016,
BPH000574,Antimicrobial activity of extracts of Nidorellaresedifolia and essential oils of Athrixiarosmarinifolia.,2016,
BPH000576,Hypouricemic Activity Of Musa Sapientum In Hyperuricemia Induced Mice.,2017,
BPH000577,Assessment of dispensing practice of emergency contraceptive in community pharmacy in dar-es-salaam.,2017,
BPH000578,ASSESSMENT OF ACUTE TOXICITY OF LEAF EXTRACT FROM Strychnos Innocua AND Strychnos Spinose.,2017,
BPH000579,Assessment Of Challenges Faced By Pharmacy Owners Due To Existance Of Unregulated Brug Shops(Dldb) In Kinondoni.,2017,
BPH000580,Assessment Of Awareness Towards An Online System Of Reporting Adverse Drug Reactions And Its Patterns Reported In Public And Private Hospitals Of Dar-Es-Salaam.,2017,
BPH000581,Prevalence of skin senstizing chemicals in hair dyes and henna tattoos products sold in the dar-es-salaam market.,2017,
BPH000582,Screening For Antimicrobial Activity Of Vitex Mombassae (Verbenaceae),2017,
BPH000583,ANTIMCROBIAL ACTIVITY OF LEAF EXTRACT OF Panicum tricholadum K. Schum (poaceae).,2017,
BPH000584,Awareness Of Side Effeects Of Cervical Cancer Risk Factors And Altitudes Towards Screening Among Women Teachers In Ilala Municipality.,2017,
BPH000585,Availability Of Fluconazole In Accredated Dispensing Drug Outlets Located In Kinondoni And Ubungo District.,2017,
BPH000586,Assessment of the extent at which university curricula prepare regulatory pharmacists in Tanzania to perform their functions,2017,
BPH000587,"Assessment of the effect of octopus hot water extract on intrinsic libido, sexual potency and weights of sexual organs in male albino mice.",2017,
BPH000588,Phytochemical Screening And Assessment Of Antbacterial Activity Of Diospyros Fischeri Leaves.,2017,
BPH000589,Evaluation Of Antimicrobial Activity Of Singwai A Maasai Herbal Preparation.,2017,
BPH000590,Quantification Of Quinine Cinchona Stem Bark In Tanzania From Lushoto.,2017,
BPH000591,Assessment Of Selected Quality Parameters Of Surface Water Supplied By Dawasco,2017,
BPH000592,Evaluation Of Antimicrobial Activities For Hand Washing Soaps Available In Dar Market.,2017,
BPH000593,Inferring Antimicrobial Consumption From Tfda Human Medicine Importation Data From 2010 To 2016,2017,SANGEDA
BPH000594,"Labelling Of Dispensed Medicines, The Role Of Dispensers In Label Information And Patients Knowledge On Proper Use Of Medicines.",2017,
BPH000595,ASSESSMENT OF ANTIMICROBIAL ACTIVITY OF maytenus mossambincesis.,2017,
BPH000596,ANTICOVULSANT ACTIVTY OF LEAVES OF steganotaenia araliaceae (apiaceae) IN ALBINO MICE.,2017,
BPH000597,Evaluation Of Antibacterial Activities Of Soot And Black Ashes From Banana Peels.,2017,SANGEDA
BPH000598,Fecal contamination of hands of a primary school pupils in ilala district.,2017,
BPH000599,"Assessment Of Inhaler Use Instructions From Dispensers At Community Pharmacies In Ilala District , Dar-Es-Salaam.",2017,
BPH000600,"Availabilty And Handling Of Psychotropic Drugs In Community Pharmacies In Ilala District, Dar-Es-Salaam.",2017,
BPH000601,"Ability Of Women Ante And Post Natal Clinics To Use Patient Information Leaflets In Temeke District , Dar-Es-Salaam.",2017,
BPH000602,Antimicrobial Activity Of Household Disinfectant Against Common Hosiptal Pathogens,2017,
BPH000603,Assessment Of Uniformity Among Various Samples Of Singwai A Maasai Herbal Medicine,2017,
BPH000604,"Antidiabetic, Antimicrobial And Pytochemical Screening On D. Steudneri Leaves Extract Collected From Muleba District In Kagera.",2017,
BPH000605,Assessment Of The Management Of Oclar Conditions In The Central Business Area Of Ilala District,2017,
BPH000606,Investigation Of Toxicity Observed In Syzygium Guineense Seed,2017,
BPH000607,Quantitative And Qualitative Analysis Of Strychnos Innocua And Strychnos Spinosa Phytochemicals.,2017,
BPH000608,Microbial Assessment Of Sugar Cane Juice.,2017,
BPH000609,Assessment of risk factors associated with renal failure among patients admitted and attending dialysis clinic at muhimbili national hospital.,2017,
BPH000610,"Assessment Of The Utilization Of Gruseofluvin Within The Community Pharmacies In Kinondoni District, Dar-Es-Salaam.",2017,
BPH000611,Menstrual Disorders And Treatment Seeking Behavior A Study Among Secondary School Female Adolescents In Ilala Dar-Er-Salaam.,2017,
BPH000612,Determination of wound healing activity of exudates from stem bark of commiphora swynnertonii. Burrt burseraceae on wounds inflicted animal models.,2017,
BPH000613,"Investigation Of Selected Quality Parameters Of Emerginor And P2 Emergency Contraceptives Pills In Dar-Es-Salaam , Tanzania.",2017,
BPH000614,Knpwledge And Factors Affecting Uptake Of Intermitent Preventive Treatment Among Pregnant Women At Different Antenatal Clinics In Dar-Es-Salaam.,2017,
BPH000615,"Evaluation Of Chronic Toxicity Of Crotalaria Laburnoides Leaves Collected From Iramba District, Singida.",2017,
BPH000616,The Prevalence Of Health Related Hazards Of Benzene Among Electronic Devices Technical Workers.,2017,
BPH000617,Screening for the presence of potassium bromate in the bread brands available in dar-es-salaam market.,2017,
BPH000618,Assessment Of Patient Awareness On Management Of Heart Failure At Jakaya Kikwete Cardiac Institute,2017,
BPH000619,Antifungal Activity Of Baobab Pulp Powder Against Candida Albicans,2017,
BPH000620,Can levothroxine be used as a weight control product in obese people?,2017,
BPH000621,Assessment Of The Management Of Highly Preveiling Side Effects Of Antpyschotic Drugs Commonly Prescribed At Muhimbili Hospital In Psychiatric Unit.,2017,
BPH000622,"MANAGEMENT OF PEPTIC ULCER DISEASE USING MEDICINAL PLANTS IN MISSENYI AND KARAGWE DISTRICTS, KAGERA REGION",2018,
BPH000623,Antimicrobial activity and phytochemical profile of Chassalia umbrat,2018,
BPH000624,"Assessment of awareness of patients using antidiabetics on identification and reporting methods of adverse drug reaction at MNH diabetic Clinic"".",2018,
BPH000625,Investigation of insecticidal activity and chemical composition of essential oil from Tetradenia urticifolia.,2018,
BPH000626,The enzymatic modification potential of Pleurotus ostreatus on the chemical nature of lamivudine and efavirenz,2018,
BPH000628,PHARMACISTS INTERVENTION ACTIVITIES AGAINST COUNTERFEIT AND FALSIFIED MEDICINES,2018,
BPH000629,Comparison between the efficacy of heat drawn castor oil and cold drawn castor oil in hair growth,2018,
BPH000630,Assessment of p.gingivalis among Hypertensive patients,2018,
BPH000631,Assessment of adverse drug reaction self-reporting awareness and Attitude among outpatients at MNH,2018,
BPH000632,Investigation of antimicrobia activity from barks and leaf extract of Maerua triphylla from Dodoma region,2018,
BPH000633,PROXIMATE ANALYSIS AND DROWSINESS EFFE CT OF STRYCHNOS SPINOSA LAM FRUIT PULP,2018,
BPH000634,"Knowledge, attitude and use of herbal products for treatment of acne among female students in higher learning institutions in Dar es salaam",2018,
BPH000636,ASSESSMENT OF POTENTIAL SIDE EFFECTS AND THEIR MANAGEMENT IN HIV INFECTED PATIENTS ON ANTIRETROVIRAL FIRST LINE OPTIONS,2018,
BPH000637,VALUATION OF WOUND HEALING ACTIVITY OF CRUDE EXTRACTS FROM Trichodesma zeylanicumm LEAVES ON WOUND INFLICTED ALBINO MICE.,2018,
BPH000638,IN VITRO ANTIBACTERIAL ACTIVITY OF TANZANIAN GARLIC,2018,
BPH000639,Effect of crude root extract from Conyza bonariensis on uterine contractility,2018,
BPH000640,PRESCRIPTION AUDIT IN DAR ES SALAAM PUBLIC HOSPITALS USING MEDSCAPE SOFTWARE.,2018,
BPH000641,PREPARATION OF ETHANOL FROM SUCROSE AND PINEAPPLES BY FERMENTATION,2018,
BPH000642,In vitro antibacterial synergism of fresh garlic extract to amoxicillin.,2018,
BPH000643,COMPARISON OF YIELD AND EVALUATION OF STARCH PREPARED FROM LOCALLY AVAILABLE CASSAVA VARIETIES,2018,
BPH000644,PREPARATION OF HAND LIQUID SOAP,2018,
BPH000645,A STUDY OF PLANTS USED TO TREAT EPILEPSY IN KIKUYU VILLAGE DODOMA REGION,2018,
BPH000646,DEVELOPMENT AND VALIDATION OF DENSITOMETRIC METHOD FOR ANALYSIS OF CEPHALEXIN,2018,
BPH000648,Consumption trend of antiviral and antifungal agents for systemic use in Tanzania from 2010 to 2017.,2018,
BPH000649,EXAMINING THE KNOWLEDGE OF PHARMACEUTICAL TECHNICTIANS IN THE USE OF TOPICAL STEROIDS CREAMS AND OINTMENT,2018,
BPH000651,Antimicrobial activity and phytochemical screening of cyphostema adenocaule (Vitaceae),2018,
BPH000652,"ANTIMICROBIAL ACTIVITY, BRINE SHRIMP CYTOTOXICITY AND PHYTOCHEMICAL PROFILE OF GARCINIA BUCHANANII BAKER (CLUSIACEAE).",2018,
BPH000653,ADHERENCE TO ANTIRETROVIRAL THERAPY AND ITS ASSOCIATION WITH IMMUNE SYSTEM AMONG HIV INFECTED INJECTABLE DRUG USERS ATTENDING METHADONE CLINICS IN DAR ES SALAAM,2018,
BPH000654,Antibacterial efficacy of commonly available alcohol-based hand gel sanitisers in Dar es Salaam,2018,
BPH000655,AVAILABILTY AND DISPENSING PRACTICE OF FAMILY PLANING MEDICINES IN THE COMMUNITY PHARMACY AND ADDO SHOPS,2018,
BPH000657,EFFECT OF LEMON ON MALARIA PARASITE CLEARANCE AND SELECTED HEMATOLOGICAL PARAMETERS IN MICE INFECTED WITH PLASMODIUM BERGHEI PARASITES.,2018,
BPH000658,determination of changes in chemical nature of selected refined cooking oil with repeated heating and cooling circles,2018,
BPH000659,Determination of fractions with anticonvulsant activity from the ethanolic extract of Steganotaenia araliacea leaves,2018,
BPH000660,Comparison of urine dipstick versus urine culture and antibiotic testing,2018,
BPH000661,Metal analysis of Kigelia africana fruit juice,2018,
BPH000662,"ANTIMICROBIAL ACTIVITY AND PHYTOCHEMICAL PROFILE OF ACACIA ZANZIBARICA(S.MOORE)TAUB,FABACEAE",2018,
BPH000663,USE OF LEAF EXTRACTS FROM MIXTURE OF HOSLUNDIA OPPOSITA AND BIDENS PILOSA IN MANAGEMENT OF WOUND INFECTIONS,2018,
BPH000664,ENZYMATIC MODIFICATION POTENTIAL OF PLEUROTUS OSTREATUS ON CHEMICAL NATURE OF ERYTHROMYCIN AND CEFTRIAXONE.,2018,
BPH000665,DEVELOPMENT OF DANTAHIZA HERBAL SYRUP,2018,
BPH000666,Formulation of turmeric and sesame oil cream for skin care,2018,
BPH000667,Prescribing pattern of children under five admitted at Paediatric Malnutrition unit,2018,
BPH000669,INVESTIGATION OF ANTIMICROBIAL ACTIVITY OF C. SWYNERTONII EXUDATE,2018,
BPH000670,Assessment of challenges facing importers of medicine in Tanzania,2018,
BPH000671,Proximate and mineral analysis of Telfairia pedata seed kernels,2018,
BPH000672,ACCEPTABILITY OF INJECTABLE ARTESUNATE BY HEALTHCARE PROVIDERS FOR THE TREATMENT OF SEVERE MALARIA IN PUBLIC HEALTH FACILITIES IN DAR ES SALAAM,2018,
BPH000673,ANTIMICROBIAL ACTIVITY AND PHYTOCHEMICAL PROFILE OF CASSIA ITALICA,2018,
BPH000674,DEVELOPMENT AND VALIDATION OF HPTLC DENSITOMETRIC METHOD FOR ANALYSIS OF AMPICILLIN AND CLOXACILLIN IN FDC CAPSULES,2018,
BPH000675,Antimicrobial drug resistance in Salmonella isolated from droppings of broilers and local breed chicken,2018,
BPH000676,PHYLOGENETICS OF HIV 1 SUBTYPES IN TANZANIA,2018,
BPH000677,Anthelmintic activity and phytochemical profile of cassia didymobotyra,2018,
BPH000678,ASSESMENT OF KNOWLEDGE REGARDING HIV POST EXPOSURE PROPHYLAXIS AMONG HEALTHCARE WORKERS IN PUBLIC HEALTH FACILITIES IN ILALA MUNICIPALITY,2018,
BPH000679,Investigation of the wound healing Activity of the leaves of Mangifera indica,2018,
BPH000680,Enzymatic modification potential of pleurotus ostreatus on the chemical nature of amoxicillin and ciprifloxacin,2018,
BPH000681,ASSESSMENT OF KNOWLEDGE AND BARRIERS ENCOUNTERED ON THE UPTAKE OF PMTCT POLICY AMONG HIV POSITIVE PREGNANT WOMEN,2018,
BPH000682,TOXICITY STUDY OF Musa sapientum PLANTAIN ROOT,2018,
BPH000683,Assessment of Chronic Arthritis patients knowledge on their disease and their appropriate management,2018,
BPH000684,Determination of Evolution of quality management system in Tanzania food and drug authority headquarters,2018,
BPH000685,CONSUMPTION PATTERN OF ANTIBIOTICS FOR VETERINARY USE IN TANZANIA FROM 2010-2017,2018,
BPH000686,Preparation of herbal soap using Turmeric and sandalwood powders for skin care,2018,
BPH000687,Investigation on hemostatic activity of Cajanus cajan L. (Fabaceae) leaf extract.,2018,
BPH000688,Plants used for treatment of Diabetes mellitus in Northern Zanzibar and testing of antihyperglycemic activity of Ceasalpinia crista,2018,
BPH000690,ASSESSMENT OF THE CURRENT SURVEILLANCE AND STEWARDSHIP PROGRAMS IMPLEMENTATION ON ANTIMICROBIAL RESISTANCE IN HOSPITALS IN TANZANIA.,2018,
BPH000691,ASSESSMENT AND COMPARISON OF PRESCRIBING PATTERNS OF ANTIHYPERTENSIVE DRUGS BETWEEN PUBLIC HOSPITALS.,2018,
BPH000692,Microbial quality of ground water for household consumption among communities in Temeke district,2018,
BPH000693,"Assessment of dispensing practice of diazepam in community pharmacies in Kinondoni district, Dar-es-salaam",2018,
BPH000694,Health literacy competence in hospital pharmacy consumers at Muhimbili national hospital(MNH),2018,
BPH000695,Assessment of quality management system at Tanzania Food and Drug Authority zones from 2013/14 to 2016/17,2018,
BPH000696,Investigation on the hypoglycemic effect of Dracaena steudneri,2018,
BPH000698,PREVALENCE OF ANXIETY DISORDERS AND ITS MANAGEMENT AMONG THE STUDENTS OF MUHIMBILI UNIVERSITY,2018,
BPH000699,MICROBIAL QUALITY OF FRESH-CUT FRUITS SOLD IN DAR-ES-SALAAM MARKETS,2018,
BPH000700,Assessment of knowledge and attitude and practice of self-medications with antibiotics among medical students.,2019,Dr Sangeda
BPH000701,Assessment of pharmacists’ preparedness towards the establishment of local pharmaceutical manufacturing industries in Tanzania,2019,Daniel
BPH000702,Safety evaluation of Caesalipinia crista extracts,2019,Maregesi; Mwakigonja; Itm
BPH000703,Evaluation of potential aphrodisiac activity of dates juice,2019,. VICKY MANYANGA; Mr. INNOCENT DANIEL J; Mr. PAUL MALABA
BPH000704,Challenges faced by health care providers in the use of international classification of disease codes by nhif scheme,2019,Manase Kilonzi; Alphonce Marealle; Hamu Mlyuka
BPH000705,Availability and readiness of dispensers to dispense misoprostol for early pregnancy termination,2019,MR WIGILYA MIKOMANGWA; RITA MUTOGANDA
BPH000706,Efficacy of commonly used disinfectants against some opportunistic infections causing microorganisms,2019,prof Kennedy Mwambete
BPH000707,Assessment of poultry farmersâ€™ knowledge and practice towards human medicines misuse in Dar es Salaam,2019,PROF. G. KAGASHE
BPH000708,Larvicidal bioactivity of selected Commiphora mossambicensis plant against Anopheles gambiae.,2019,Prof Veronica Mugoyela; Prof Innocent Ester; Mr Innocent Daniel
BPH000709,Preparation and evaluation of mosquito repellant lotion using essential oil from ocimum suave and citronella oil from cymbopogon citratus,2019,Betty Maganda; Juma Ayubu
BPH000710,Assessment of dispenser's capacity to identify genuine and falsified adult duo-cotecxin tablets by using visual features,2019,Prof Mgowela; Paul Malaba
BPH000711,"MICROBIAL QUALITY OF HOMEMADE SOFT SERVE ICECREAM SOLD IN ILALA,DAR ES SALAAM",2019,DR.DOREEN MLOKA
BPH000712,"KNOWLEDGE AND PRACTICES OF COMMUNITY PHARMACY DISPENSERS ON NSAIDs WITH POTENTIAL TERATOGENIC EFFECTS, DAR-ES-SALAAM,",2019,"Mr ManaseKilonzi; Mr. IgnaceAlphonce; Mr. HamuMlyuka; Mr. Wigilya Mikomangwa, Dr. RittahMutagonda"
BPH000713,Antimicrobial peptide from marine bacteria and their antibacterial activity,2019,Fatuma felix
BPH000714,Healthcare professionals' expectations and experiences about pharmacists' professional duties in public hospitals in dar es salaam,2019,Mlyuka; Kilonzi; Wigilya
BPH000715,Survey of the acceptability of locally produced pharmaceuticals among dar es salaam region residents.,2019,PROF.VERONICA MUGOYELA; PAUL MALABA
BPH000716,RATE OF TREATMENT FAILURE AMONG PATIENTS ON HIGHLY ACTIVE ANTIRETROVIRAL THERAPY AT MUHIMBILI NATAIONAL HOSPITAL,2019,BWIRE
BPH000717,Preparation of a herbal lotion from commiphora swynertonii exudate and in vivo evaluation of its wound healing potential,2019,Dr Betty Maganda; Pharm David Myemba
BPH000718,ASSESSMENT OF ANTIBACTERIAL ACTIVITY OF GINGER OIL EXTRACT FROM TANZANIA ON SELECTED BACTERIA,2019,DR RAPHAEL SANGEDA; MR. GEORGE BWIRE
BPH000719,In vivo assessment of hypoglycemic activity of 80% aqueous ethanol extracts of grewia bicolorroots on oral glucose loaded white albino mice.,2019,DR. JOSEPH SEMPOMBE (SoP); Mr. DAVID CREDO (ITM); PAUL MALABA (SoP)
BPH000720,Review on the quality of hydrogen peroxide mouthwash available in Dar es salaam Market ten years after initial evaluation,2019,Prof kaale
BPH000721,Magnitude of prescribing medicines by brand names at muhimbili national hospital.,2019,Mr. MANASE KILONZI; Mr. HAM MLYUKA.; Mr. WIGILYA MIKOMANGWA; Miss. RITAH MUTAGONDA; Mr. ALPHONCE MAREALE
BPH000722,"Microbial quality of milk powder sold in retail outlet of ILala district, Dar es salaam.",2019,Dr.Doreen Mloka
BPH000723,Rational use of antimicrobial in the management of diarrhea in under-fives in Dar es salaam dispensaries,2019,"Dr. Ritta Mutagonda; Mr Alfonce Ignace; Mr kilonzi Manase; Mr. Hamu Mlyuka, Mr Wigilya Mikomangwa"
BPH000724,Insecticidal activity of commiphora swynnertonii and tetradenia urticifolia against cimex lectularius,2019,Prof malegesi
BPH000725,DISPENSING PRACTICE AT REGIONAL REFERRAL HOSPITALS IN DAR-ES-SALAAM,2019,Mr kilonzi manase; Wigilya mkomanga; Hamu Mlukya; Alphonce Maleale
BPH000726,Construction and evaluation of lacal lyophilizer,2019,Dr. Willbroad Kalala
BPH000727,"Acute toxicity, aphrodisiac potential and phytochemical profile of cleome gynandra l. (Capparaceae) leaf extract",2019,Prof Ngassapa; Dr Runyoro
BPH000728,Potential drug-drug interactions among chronic kidney disease patients admitted at Muhimbili national hospital,2019,
BPH000729,Determination of antibacterial activity of Dichrostachys cinerea (Fabaciae) flowers,2019,Dr Sempombe; Mr innocent; Mr malaba
BPH000730,Efficacy and safety of traditional eye medicine Duosperma Crenatum,2019,Prof Maregesi
BPH000731,Assessment of Quality of bottled drinking water,2019,Fatuma Felix
BPH000732,Factors associated with the prescription and dispensing of antibiotics without culture and sensitivity evidence in Dar es salaam Resources available hospitals,2019,Bwile
BPH000733,Assessment of antimicrobial activity of Cinnamomum zeylanicum bark extract from tandai village in morogoro region,2019,Dr. Raphael Sanged; Dr. Liberata Mwita
BPH000734,Modification of usnic acid by reaction with serine amino acid towards development of safer antiviral agent.,2019,Dr. Nzagi Nyakirang'ani; Mr. Innocent J Daniel
BPH000735,Use of complementary and alternative medicines among cancer patients at ORCI and MNH,2019,Dr. Deborah Runyoro; Prof. Olipa Ngassapa
BPH000736,"In vivo investigation of the anticonvulsant activity,acute toxicity and phytochemical profile of dioscorea dumetorum (dioscoreaceae)",2019,Dr Deborah K.B Runyoro; Prof Olipa Ngassapa; Dr. Ramadhani Nondo
BPH000737,"Antimicrobial activities and phytochemical screening of Myrica californica, Rhoicissus tridentata and Stephania epigaea",2019,Proff OD Ngassapa; Dr Runyoro
BPH000738,Analysis of levels of arsenic in rice samples sold in dar-es-salaam markets,2019,DR. JOSEPH SEMPOMBE; INNOCENT J. DANIEL
BPH000739,Assessment of availability of essential antibiotics in public health facilities in kinondoni and ubungo districts,2019,Dr. Betty Maganda
BPH000740,"Antimicrobial, antioxidant activity and chemical composition of volatile oil from Rosmarinus officinalis (lamiaceae)",2019,Prof Ngassapa
BPH000741,Development of mobile health software for nutrition analysis to control body weight,2019,Pro Kagashe; Dr Sangeda
BPH000742,"Comparison of antbacterial activities of roots of male,female and hermaphrodite Carica papaya Linn",2019,Dr Sempombe; Sir Paul Malaba
BPH000743,Preparation and evaluation of herbal cream from commiphora swynnertonii exudate,2019,Dr. Betty Maganda; Juma Ayubu
BPH000744,Assessment of community awareness on risk factors for superficial fungal infections of the skin,2019,Mbuya; Vitalis
BPH000745,"Polypharmacy, potential drug-drug interactions and treatment outcomes among pre and post-surgical icu patients at Muhimbili national hospital",2019,Wigilya mikomangwa
BPH000746,Assessment of unused medicines disposal practices among households,2019,PROF.MARY JUSTIN TEMU; DR BETTY MAGANDA
BPH000747,Formylation of aniline through riemer-tiemann reaction towards the synthesis of molecular tweezers precursors,2019,Dr. Nzagi Nyakirang'ani; Mr. Innocent. J. Daniel; Mr. Paul Malaba
BPH000748,Synthesis of usnic acid-l-threonine conjugate toward evaluation of its antimicrobial activity,2019,Dr. Nzagi Nyakirangani; Mr. Paul Malaba; Mr. Innocent Daniel
BPH000749,CHEMICAL MODIFICATION OF USNIC ACID BY TREATING WITH O-PHOSPHO-L-SERINE,2019,Nzagi; Innocent; Paul
BPH000750,IN VIVO ASSESSMENT OF APHRODISIAC ACTIVITY OF Elaeodendron buchananii ROOT EXTRACT,2019,ALPHONCE IGNACE; RITAH MUTAGONDA; HAMU MLYUKA; WIGILYA MIKOMANGWA; MANASE KILONZI
BPH000751,Utilization of chemoprophylaxiå against malaria amongst Tanzanian children attending sickle cell clinics in dar es salaam tertiary hospitals.,2019,George M. Bwire
BPH000752,"Knowledge, perception and practice with respect to epilepsy among traditional healers in Kilolo district, Iringa",2019,Prof Ngassapa; Dr. Deborah Runyoro
BPH000753,Hypoglycemic activity and safety assessment of Dracaena steudneri,2019,MAREGESI; ERICA; KIDUKULE
BPH000754,"Antimicrobial activity and phytochemical profile of plants used to treat typhoid and UTI collected from Monduli district, Arusha region.",2019,Dr. Runyoro; Prof. Ngassapa
BPH000755,Assessment of distribution of accredited drug dispensing outlets and pharmacies in Kinondoni municipal,2019,Dr. Vicky manyanga; Dr Raphael sangeda; prof Elingringa kaale; Mr Tibadilinda
BPH000756,In vivo antidiabetic effect of Capparis erythrocarpus Isert root extract,2019,Marealle; Alphonce; Ignace; Ramadhan Nondo; Kilonzi Manase; Rita Mutagonda; Wigilya Mikomangwa; Hamu Mlyuka
BPH000757,Development of an identification model of black tea brands circulating in dar es salaam market using near infrared spectroscopy,2019,Kaale; Shedafa; Daniel
BPH000758,PHARMACISTS' KNOWLEDGE AND PRACTICE REGARDING DISPENSING OF ANTIBIOTICS WITHOUT PRESCRIPTION IN TANZANIA,2019,Dr. Sangeda
BPH000759,Formulation development and evaluation of aloe vera skin gel for management of minor wounds.,2019,Dr. Betty Maganda; Pharm. Juma Ayubu
BPH000760,Microbial quality and preservative efficacy of locally manufactured hand and body cream sold in retail outlet of Ilala district,2019,MLOKA; BWIRE
BPH000761,Assessment of rational use of medicines among inpatients admitted at muhimbili national hospital,2019,Alphonce Maleale; Wigilya mkomanga; Hamu Mlukya; Manase
BPH000762,Heparin utilization pattern among cardiovascular patients admitted at Jakaya kikwete cardiac institute,2019,Prof Minzi; Mr kilonzi manase; Department of pharmacology
BPH000763,Preparation and evaluation of mosquito repellent cream using essential oils from Ocimum suave and Citronella oil from Cymbopogon citratus,2019,Dr. Betty Maganda
BPH000764,Awareness on the central nervous system depressive effects of cough and cold suppressant medicines among motorcyclists in dar-es-salaam.,2019,Manase kilonzi; Pharm David Thomas Myemba
BPH000765,Assessing knowledge and attitudes of hiv infected patients on adverse drug reactions of antiretroviral medicines in dar es salaam,2019,TEMU
BPH000766,Prevalence of hepatitis c virus among pregnant women living with hiv/aids attending clinic at muhimbili national hospital,2019,fatma felix
BPH000767,Assessment of medication counselling practice among community pharmacy dispensers in Dar es salaam,2019,Prof Godeliver Kagashe
BPH000768,"Assessment of knowledge, attitude and practice of self-medication with antibiotics among students at ardhi university and university of dar es salaam",2019,"Prof. Kagashe; Godeliver; Dr. Sangeda, Dr. Betty"
BPH000769,Assessing the presence of formalin in locally produced disninfectants in ilala dar es salaam,2019,"Dr Vicky manyanga; Dr Vicky manyanga , Mr innocent Daniel; Mr innocent Daniel"
BPH000770,Isolation of infectious agent from barbers' salons equipment,2019,fatma felix
BPH000771,Prevalence and risk factors associated with immune reconstitution inflammatory syndrome in patients attending HIV care and treatment clinic at muhimbili national hospital,2019,George M. Bwire
BPH000772,"""Assessment of patients' satisfaction with pharmaceutical services in regional referral hospitals in Dar es salaam""",2019,Mr Mlyuka; Mr Wigilya; Mr Kilonzi; Dr Ritta Mutagonda
BPH000773,Screening for potential adulteration with sildenafil and tadalafil in selected libido enhancing food supplements.,2019,Dr. Vicky Manyanga; PAUL MALABA
BPH000774,To determine the availability and assessing the dispensing practice of preparations containing isotretinoin and tretinoin to women of child bearing potential,2019,Prof Mary Justin Temu; Pharm David Thomas Myemba
BPH000775,The effect paracetamol splitting on weight variation :case study of paracetamol tablets,2019,Dr.Vicky manyanga; Mr.Innocent Daniel; Prof . Elia kaale; Poul malaba
BPH000776,Determination of iodine quantity table salt.,2019,Dr Nzagi Nyakirang'ani; Mr. Innocent Daniel; Mr. Paul Malaba
BPH000777,Antimicrobial activity and phytochemical screening of leaves and stem of Suregada zanzibariensis B,2019,Dr. Runyoro; Prof. Ngassapa
BPH000778,Formulation and evaluation of psidium guajava aqueous gel for mouth ulcers treatment,2019,Vitalis Mbuya
BPH000779,KNOWLEDGE OF MOTHERS OF UNDER FIVES ON MALARIA TREATMENT AT MCH CLINIC AT SINZA HEALTH CENTRE,Unknown,MUGOYELA
BPH000780,"Prevalence of active tuberculosis among adult HIV patient receiving ART at Temeke, HIV care and treatment centre.",2019,Prof Kennedy Mwambete
